Unnamed: 0,comment_count,upvote_delta,timeup_list,subreddit,thread_text
0,4100.0,33100.0,7.0,r/nottheonion,NASCAR driver who unintentionally sparked 'Let‚Äôs Go Brandon' chant says corporations don‚Äôt want to sponsor him
1,436.0,18200.0,6.0,r/MadeMeSmile,"I got sober, bought a house, and now I got married!"
2,878.0,21500.0,7.0,r/funny,Yet another year as the last unmarried in the family.
3,7900.0,10000.0,11.0,r/AskReddit,What are you most jealous of the opposite gender for?
4,1200.0,33800.0,7.0,r/antiwork,It's true.
5,5500.0,10300.0,16.0,r/movies,Name a movie sequel you had no idea existed
6,5300.0,60600.0,18.0,r/technology,"Finnish Man Passes on Paying $22,600 to Replace His Tesla's Battery, Blows Up Car Instead - A Tesla repair shop told a Model S owner that replacing the battery would cost more than $22,600. He decided to stick 66 pounds of dynamite on the car."
7,4800.0,37000.0,11.0,r/politics,"Harris says Americans under the pressures of student loan debt 'are literally making decisions about whether they can have a family, whether they can buy a home'"
8,4900.0,60300.0,10.0,r/antiwork,"Ronald Reagen is the single worst thing to happen to the United States, and the 8 years he served as President can widely be attributed to the downfall of the attainable American Dream"
9,3500.0,71000.0,18.0,r/ABoringDystopia,Fox News in Idiocracy vs. Fox News IRL
10,339.0,6100.0,4.0,r/movies,"Jean-Marc Vall√©e Has Died; Director Of ‚ÄòDallas Buyers Club,‚Äô ‚ÄòBig Little Lies‚Äô & ‚ÄòSharp Objects‚Äô Was 58"
11,309.0,16800.0,5.0,r/Minecraft,Some models for a mod I'm working on :)
12,153.0,17600.0,7.0,r/Eyebleach,TRIFORCE ACTIVATE
13,614.0,21400.0,8.0,r/mildlyinteresting,These jars contain the same amount of jam
14,1500.0,40400.0,8.0,r/news,"Sarah Weddington, attorney who won Roe v Wade abortion case, dies aged 76"
15,3300.0,67100.0,16.0,r/meme,Hello there
16,1100.0,17700.0,7.0,r/WhitePeopleTwitter,Its not like the 1st amendment of religious freedoms matter
17,3100.0,36100.0,11.0,r/oddlyterrifying,Rabid fox wants to get inside
18,465.0,6200.0,3.0,r/HolUp,HolUppppp
19,3200.0,4600.0,11.0,r/teenagers,How tall are you?
20,2700.0,12300.0,10.0,r/TrueOffMyChest,Keeping track of the pronouns in my teens social group is exhausting.
21,2600.0,34700.0,13.0,r/JusticeServed,Woman who knocked out a flight attendant's teeth after being asked to wear a mask faces 20 years in prison after pleading guilty
22,2400.0,19600.0,13.0,r/Cringetopia,Woke bully getting booted from home
23,2000.0,10300.0,14.0,r/nba,Lebron says that every team is dealing with Cold/Flu/Injuries except for the Warriors and the Suns
24,2100.0,40000.0,14.0,r/HolUp,‚Ä¶
25,815.0,20000.0,7.0,r/nextfuckinglevel,This guy has a very interesting and creative style of skateboarding.
26,2000.0,29100.0,15.0,r/iamatotalpieceofshit,Cleric follows a woman's car on the highway for not wearing the Hijab and threatens her
27,335.0,58600.0,9.0,r/HumansBeingBros,This restaurant offers food for free if you can‚Äôt afford it
28,583.0,36700.0,9.0,r/pics,As a Christmas gift I took my Dad charter fishing and he caught in the first 10 minutes!
29,2000.0,39000.0,12.0,r/interestingasfuck,The True Size of Australia
30,1800.0,12000.0,13.0,r/pics,My step mother taped a box of these pills to each of the gifts she gave for Christmas this year
31,1700.0,62400.0,14.0,r/WhitePeopleTwitter,I feel attacked
32,201.0,4400.0,4.0,r/nba,Nikola Jokic twerks before tipoff
33,1700.0,37100.0,10.0,r/facepalm,The amount of time it took to lock the gate correctly
34,1700.0,62000.0,17.0,r/mildlyinfuriating,Just used a bath bomb I got for Christmas and now the bath looks like piss.
35,156.0,14200.0,7.0,r/dankmemes,I don‚Äôt understand the appeal
36,1600.0,76000.0,16.0,r/Wellthatsucks,When it's your stop and the doors open to this
37,1500.0,5300.0,7.0,r/PublicFreakout,Jared Schmeck's video of himself insulting Biden on live TV
38,1500.0,13700.0,17.0,r/Coronavirus,The pandemic has caused nearly two years of collective trauma. Many people are near a breaking point.
39,1300.0,7500.0,16.0,r/TwoXChromosomes,The number of men on Reddit that admit to marrying women they didn't love is disturbing
40,54.0,7900.0,7.0,r/dogswithjobs,My service dog recently learned a new task!
41,1500.0,93400.0,12.0,r/funny,"Today, James Webb telescope switched on camera to acquire 1st image from deep space"
42,5200.0,13200.0,9.0,r/AskReddit,What‚Äôs something everyone should experience in their lifetime?
43,1400.0,12500.0,15.0,r/NoStupidQuestions,Am I overthinking or is it a deal breaker?
44,290.0,6600.0,5.0,r/cats,My cat just gave birth on my bed??
45,170.0,39000.0,10.0,r/aww,The prophecy is true
46,1300.0,61100.0,15.0,r/therewasanattempt,to do the best workout ever (boi skipped physics classes)
47,272.0,4300.0,3.0,r/teenagers,"Gonna ask my crush (an extreme marvel fan) to the movies, wish me luck!"
48,976.0,35800.0,8.0,r/Unexpected,"""He had me on the first half, not gonna lie."""
49,787.0,31600.0,10.0,r/me_irl,me_irl
50,439.0,10500.0,8.0,r/Damnthatsinteresting,Security guard survived after getting struck by lightning
51,350.0,9700.0,8.0,r/Spiderman,Marvel need to reveal who he is
52,1200.0,5300.0,16.0,r/formula1,"Toto Wolff: ""Lewis Hamilton is silent because he has no words"""
53,1200.0,9600.0,15.0,r/sports,"Bills receiver Cole Beasley has been fined multiple times for Covid protocol violations for a cumulative sum in the range of $100,000 per league and union sources. Beasley was fined $14,600 in August on a day league officials were in the facility to review the protocols."
54,1200.0,43400.0,11.0,r/AdviceAnimals,Alex Jones attacked by wife says it‚Äôs a private family matter and asks for privacy
55,651.0,20100.0,9.0,r/PrequelMemes,The Grand Army had fewer men than all Coruscant mall security put together
56,1300.0,25500.0,13.0,r/pcmasterrace,Today I learned that I am an idiot
57,1300.0,46200.0,18.0,r/confusing_perspective,I still don't know if it's carved out of the rock or if it's a real crocodile
58,1100.0,37700.0,18.0,r/science,Eye-tracking study suggests that people with social anxiety not only avoid looking at strangers but also their surroundings.
59,599.0,19200.0,10.0,r/IdiotsInCars,Not quite as off-road capable as they thought.
60,1000.0,13700.0,19.0,r/bestof,This redditor breaks down how incel subs work and how to recognize dangerous patterns
61,1100.0,6400.0,16.0,r/pcgaming,"Halo Infinites playerbase on steam declines to 30,000 down from 250,000 just a month ago."
62,1100.0,3200.0,15.0,r/AskMen,What is your goal on a first date ?
63,1100.0,41000.0,8.0,r/WhitePeopleTwitter,It is what it is ‚Ä¶
64,484.0,14600.0,9.0,r/oddlyterrifying,This reven eerily sounding like a human
65,945.0,23700.0,16.0,r/ShitPostCrusaders,Kars in dragonball would be scary as hell
66,405.0,12900.0,9.0,r/blackmagicfuckery,what?
67,950.0,12400.0,16.0,r/tifu,TIFU by gaslighting my husband for Christmas
68,975.0,4200.0,13.0,r/ffxiv,Reported for...jumping around too much?
69,1000.0,59500.0,11.0,r/mildlyinteresting,A gift bag my mom has been reusing for 39 years.
70,89.0,14200.0,9.0,r/tumblr,What no health insurance does to a mf
71,251.0,5400.0,7.0,r/atheism,Grandma tries to teach my kid the biblical Christmas story. It doesn't go the way she had hoped.
72,60.0,5800.0,6.0,r/greentext,East of Eden
73,65.0,5300.0,6.0,r/AnimalCrossing,I did this ACNH animation based on my winter trauma. Please enjoy üòä
74,533.0,17300.0,10.0,r/BrandNewSentence,Safety first
75,603.0,11900.0,10.0,r/coolguides,Do not mix these cleaning products
76,255.0,19600.0,11.0,r/NatureIsFuckingLit,üî• Finnish Lapland trees in winter look like nuclear explosions
77,1000.0,10100.0,16.0,r/im14andthisisdeep,I guess I‚Äôm not a philosopher‚Ä¶
78,527.0,24400.0,11.0,r/todayilearned,"TIL That the pressure to feel upbeat can make you feel downbeat. Embracing your darker moods is better in the long-run, psychology researchers found."
79,792.0,2800.0,13.0,r/lgbt,What are some stereotypical things straight people say to you
80,858.0,15000.0,18.0,r/MapPorn,Germany's religious divide.
81,943.0,7400.0,18.0,r/CryptoCurrency,"Vitalik Buterin: ‚ÄúIf Eth fails to scale, then Eth deffinitely failed. If Eth succeeds at scalling, but it turns into something that‚Äôs centralized, then I think it also failed. If Eth succeeds at scalling and decentralization, but nothing interesting gets built on top of it then it also fails.‚Äù"
82,142.0,32700.0,11.0,r/wholesomememes,Nothing like a pj day.
83,99.0,3900.0,6.0,r/pokemon,"Girlfriend got me a controller modeled after one of my favorite Pokemon, Totodile!"
84,880.0,42600.0,13.0,r/gifs,Carrying sacks while drinking tea
85,282.0,6900.0,8.0,r/Awwducational,"Devil rays or flying mobulas are known for breaching the water's surface, sometimes exhibiting aerial acrobatic displays, even flips, that end in big splashes. Marine biologists aren't exactly sure why they engage in such behavior."
86,737.0,14700.0,18.0,r/SelfAwarewolves,Without Trumps support‚Ä¶.
87,1000.0,3600.0,9.0,r/ksi,Who is this? (Wrong answers only)
88,156.0,15300.0,10.0,r/HumansAreMetal,"Not OP, wanted to share the story."
89,108.0,3200.0,4.0,r/memes,israel or isreal?
90,808.0,5300.0,14.0,r/canada,"COVID Alert App Cost Canada $20 Million, Used Only 869 Times in November"
91,801.0,43700.0,14.0,r/Damnthatsinteresting,No man or woman is ‚Äúself-made‚Äù
92,723.0,64000.0,11.0,r/oddlysatisfying,Studio Ghibli‚Äôs depiction of food
93,1200.0,66800.0,10.0,r/HolUp,No love
94,174.0,5500.0,8.0,r/YouShouldKnow,YSK: How to save cash to get out of a relationship with someone who is financially controlling you.
95,765.0,5200.0,11.0,r/worldnews,"The Chinese city of Xi'an, where 13 million residents are currently confined to their homes, announced tightened restrictions on Sunday as the country recorded its biggest Covid-19 infection numbers in 21 months"
96,765.0,13000.0,12.0,r/MaliciousCompliance,"Your ""unnatural"" hair color violates our dress code. Fix it!"
97,755.0,3900.0,11.0,r/TooAfraidToAsk,How common is it for men to stick random objects up their ass when jerking off?
98,673.0,37500.0,15.0,r/MurderedByWords,"Romi aint going to fuck you, dude."
99,799.0,41100.0,12.0,r/Stellaris,Based King üëë
100,172.0,9700.0,9.0,r/WatchPeopleDieInside,"Better luck next time, Mr. Pig"
101,785.0,9700.0,10.0,r/LifeProTips,"LPT: If you sometimes have people sleeping at your place after parties etc. - prepare a guest kit for that occasion. Fresh water bottle, tissues, some snacks, a new toothbrush, charging cable, ibuprofen and w/e you can think of. Makes waking up somewhere else hung over so much better!"
102,729.0,16800.0,16.0,r/Tinder,My luck with women summarized in 1 photo
103,803.0,659.0,4.0,r/fantasyfootball,Welcome to the Ship!
104,310.0,10200.0,10.0,r/AbruptChaos,16-car pileup
105,626.0,5000.0,11.0,r/HermanCainAward,Anyone else old enough to remember how the right reacted to gays during the AIDS crisis?
106,142.0,4300.0,6.0,r/dadjokes,"I dislike karma whores who make posts that imply it's their cake day, simply for upvotes."
107,655.0,15300.0,15.0,r/halo,Reason the UNSC was beat by the Banished. They didn't have the DMR.
108,195.0,5400.0,7.0,r/ThatsInsane,Guy transports a bee colony by carrying the queen is his fist
109,330.0,36100.0,15.0,r/TheLastAirbender,There is a 70% chance Toph doesn't even know Zuko has a scar
110,796.0,13500.0,11.0,r/PoliticalHumor,Freedom of speech goes both ways you know
111,580.0,1700.0,11.0,r/australia,NSW Premier Dominic Perrottet urges people to holiday as COVID-19 cancellations bite
112,111.0,3000.0,14.0,r/antiMLM,Found in my daughter‚Äôs Christmas gift from our church‚Äôs low income family wish tree. Grateful for the gift but felt like this was‚Ä¶ inappropriate?
113,508.0,3600.0,13.0,r/MomForAMinute,Mother in law wouldn‚Äôt let me stay over Christmas Eve with her son. I drove home at midnight. Then no one gave me a heads up that they were opening presents on the 25th.
114,625.0,12700.0,10.0,r/ATBGE,A total 180 of them. Great.
115,862.0,1100.0,6.0,r/trans,what name do i give off?
116,613.0,15900.0,19.0,r/confidentlyincorrect,Ariane5 corrects someone who is confidently incorrect
117,125.0,3200.0,5.0,r/interestingasfuck,"An 87 years old woman called the police emergency number in Florence, Italy, saying she was alone and hungry. This was the result."
118,593.0,3400.0,14.0,r/MMA,Some notable UFC fighters who didn't fight in 2021
119,30.0,3200.0,5.0,r/tattoos,"Geometric and pattern bands done by Elizabeth at Noir Tattoo in Shanghai, China"
120,671.0,13500.0,12.0,r/MurderedByAOC,Bernie Sanders says it‚Äôs time for President Biden to cancel all student debt by executive order
121,622.0,3900.0,11.0,r/videos,Inside the Congo cobalt mines that exploit children
122,619.0,3400.0,9.0,r/hockey,"[Conor Ryan] Brad Marchand on the NHL‚Äôs ruling on the Olympics: ‚ÄúI know at the end of the day, they don‚Äôt care about the Olympics, they don‚Äôt make money on it. And that‚Äôs ultimately what this is ‚Äî it‚Äôs a business. And we‚Äôre an asset.‚Äù"
123,435.0,20800.0,14.0,r/lotrmemes,"Ehh, maybe I'll go next year. I need more Gandalf sleepover time. Does Sam still remember we are even leaving? How old am I again? Why does my back hurt"
124,98.0,2400.0,12.0,r/AnarchyChess,I told you - I can win anyone in the world in single game and I am always play Fair!!!!!!
125,204.0,2800.0,4.0,r/Superstonk,Are we there yet? MOASS Bingo
126,361.0,10000.0,10.0,r/vexillologycirclejerk,Can anyone help me identify this flag?
127,607.0,14800.0,12.0,r/WatchPeopleDieInside,This is painful to watch
128,49.0,5900.0,8.0,r/WitchesVsPatriarchy,My MIL bought me this enamel pin as part of my Christmas present. The woman just gets me.
129,601.0,10000.0,17.0,r/ArtefactPorn,A new research revealed this year that this obsidian mirror used by Queen Elizabeth I‚Äôs famed political advisor and occultist John Dee to 'speak' with angels has Aztec origin. The mirror was crafted in Aztec Mexico more than 500 years ago and is now on display at the British Museum [1200x1787]
130,589.0,11400.0,17.0,r/ufc,For those criticising Francis ‚Äúasking for too much‚Äù
131,646.0,50900.0,18.0,r/TikTokCringe,Dad the professional cameraman
132,576.0,18000.0,13.0,r/wallstreetbets,Works best when paired with Windows 97
133,37.0,12300.0,9.0,r/blursedimages,blursed melon
134,622.0,1900.0,11.0,r/Overwatch,"""Terrorist Brit murders medical staff in machine gun Frenzy."""
135,211.0,33100.0,14.0,r/MadeMeSmile,Tom Holland & Jacob Batalon fan-girling over the WatchMojo girl.
136,62.0,3500.0,6.0,r/StartledCats,First time on ice combined with first time wearing a bell collar
137,32.0,2800.0,4.0,r/cursedcomments,Cursed song
138,2400.0,19100.0,16.0,r/politics,Black Wealth Could Get 40% Boost if Biden Heeds Calls to Cancel Student Debt
139,132.0,3500.0,6.0,r/KidsAreFuckingStupid,I know it ain‚Äôt it but‚Ä¶
140,583.0,3400.0,15.0,r/economy,"""Billionaires playing astronaut"" remains one of the more repugnant displays of obscene inequality in 2021."
141,385.0,25200.0,11.0,r/technicallythetruth,Shakespeare specialized in tragic tales
142,81.0,4300.0,7.0,r/WinStupidPrizes,Kid doing science experiment on the treadmill
145,555.0,8100.0,16.0,r/itookapicture,ITAP of 180 needles in my model's back
146,304.0,14000.0,13.0,r/raimimemes,This de-aging technology is something else!
147,71.0,4300.0,7.0,r/Genshin_Impact,Liyue's Cryo Visions
148,558.0,1400.0,11.0,r/dating,"A guy drove 30 mins to my apt, said he forgot something in his car, and drove off"
149,555.0,9800.0,19.0,r/theydidthemath,[REQUEST] is this true and if yes how deos it work?
150,446.0,2700.0,11.0,r/CFB,Georgia is on the ground in South Florida. Cincinnati is in the air on they way to Dallas. Their opponents had already arrived at their sites. We are moving as scheduled toward playoff games.
151,624.0,1300.0,6.0,r/CoronavirusDownunder,A reminder of all the vaccinations & boosters you've already had.
152,259.0,4100.0,6.0,r/starterpacks,Internet Groomer Starterpack
153,529.0,2200.0,13.0,r/CasualConversation,I changed my mind about having kids and feel like I‚Äôm betraying other childless/free people
154,181.0,10700.0,11.0,r/woahdude,Mushrooms releasing spores üçÑ
155,401.0,19800.0,17.0,r/ContagiousLaughter,Andrew Garfield has my heart
156,326.0,4700.0,6.0,r/nba,"Josh Giddey tonight: 0 points, 10 rebounds, 10 assists on 0/8 from the field"
157,260.0,15900.0,12.0,r/HermanCainAward,Potty Training
158,605.0,5600.0,14.0,r/lego,Which camp are you in? Organize the Lego before building or one big pile and search for the piece you need?
159,123.0,18100.0,12.0,r/Bossfight,"To enter the highway, you must defeat The Paradox Boulder"
160,472.0,12900.0,13.0,r/dataisbeautiful,"[OC] In 1982, Exxon predicted the future evolution of our climate. Blue lines are Exxon's 1982 predictions while orange dots are actual observations. They pretty much nailed the future evolution of our climate. Exxon most definitely knew."
161,139.0,2900.0,5.0,r/science,Analysis of Microplastics in Human Feces Reveals a Correlation between Fecal Microplastics and Inflammatory Bowel Disease Status
162,542.0,27800.0,14.0,r/shitposting,ok
163,464.0,4500.0,15.0,r/explainlikeimfive,Eli5: How do astronauts shower in space?
164,532.0,1300.0,9.0,r/Conservative,Let's go Brandon!
165,571.0,63700.0,14.0,r/gaming,"My grandma is the one that got me into video games, and for Christmas this year she absolutely killed it. I love you Nana ‚ù§Ô∏è"
166,103.0,5800.0,11.0,r/Hololive,Never call Kiara out on her lore
167,250.0,13200.0,14.0,r/ProgrammerHumor,They need to stop doing this..
168,500.0,40400.0,20.0,r/GetMotivated,[Image] Not flexing is the ultimate flex
169,482.0,14500.0,12.0,r/technology,Privacy-focused search engine DuckDuckGo grew by 46% in 2021
170,520.0,1800.0,7.0,r/unpopularopinion,Engagement rings are unfair
171,483.0,13200.0,17.0,r/Spiderman,Happy to say I was a Tom Holland Spidey fan from the start
172,79.0,9400.0,18.0,r/legendofkorra,How that scene should have gone
173,94.0,2200.0,6.0,r/blunderyears,2002. What living with 3 sisters gets you. I'm a dude.
174,198.0,8200.0,9.0,r/gaming,Every. Single. Time.
175,327.0,6700.0,13.0,r/Justrolledintotheshop,"Semi truck just rolled in, driver said he drove 700 miles and only had 3rd, 6th, 7th, and 9th gear. He thinks it's the transmission."
176,417.0,2800.0,11.0,r/trashy,Someone spark this dude out
177,330.0,1500.0,11.0,r/dndnext,Nutjob Take: Monks are really balanced if the DM plays the game as intended.
178,173.0,6100.0,9.0,r/blackcats,pluto‚Äôs celebrating his first birthday today!
179,422.0,2800.0,5.0,r/unpopularopinion,Dr. Dre is POS and the fact that he‚Äôs performing at the Super Bowl is a disgrace
180,28.0,3200.0,6.0,r/perfectlycutscreams,Aaa-
181,463.0,9900.0,18.0,r/NintendoMemes,Bowser communist arc
182,205.0,10300.0,11.0,r/Astronomy,The James Webb. From my observatory.
183,515.0,2700.0,13.0,r/Shitty_Car_Mods,I posted a picture of my 2019 Ford Edge ST with my new grille and people think it belongs on this page. Thoughts ?
184,106.0,4300.0,14.0,r/brooklynninenine,"Favorite Pimento moment, let‚Äôs go"
185,297.0,3500.0,7.0,r/LeopardsAteMyFace,Candace Owens requires a paid subscription to view her interview with Trump. Conservatives unironically demand to get it for free.
186,420.0,8400.0,19.0,r/OldSchoolCool,Charging an electric AMC Gremlin at a curbside charging station in Seattle. 1973.
187,411.0,26800.0,15.0,r/BeAmazed,Heartless but not defeated: Man lives without a heart for 555 days
188,426.0,2200.0,5.0,r/apexlegends,Thoughts on this?
189,501.0,6000.0,7.0,r/meme,Yea
190,497.0,7400.0,11.0,r/dankmemes,low effort meme lmao
191,346.0,23700.0,12.0,r/apexlegends,well that‚Äôs 500 apex packs gone to waste
192,107.0,3100.0,6.0,r/gadgets,The Kidney Project successfully tests a prototype bioartificial kidney
193,187.0,3400.0,7.0,r/LifeProTips,"LPT: When it's time for your pet to be euthanized, have the vet come to your home. That way your pet can spend their last moments at home relaxed rather than being anxious at the vet's office."
194,151.0,1600.0,12.0,r/Gunners,Ben White staring Brandon Williams down after tackling him
195,391.0,9900.0,19.0,r/UpliftingNews,"Biden says bipartisan bill funding ALS research ""represents the spirit of the season"""
196,245.0,6700.0,8.0,r/antiwork,"Unless I‚Äôm being paid to care, don‚Äôt contact me."
197,326.0,3400.0,8.0,r/niceguys,Classmate in an online class last semester wanted to ‚Äúget to know‚Äù me since he had a crush (We barely talked). He hid his age from me and then insulted me when I turned him down.
198,55.0,3400.0,7.0,r/IllegallySmolCats,cheeto in a box
199,203.0,6100.0,9.0,r/Whatcouldgowrong,WCGW by lifting a new AC not knowing good knots
200,308.0,5800.0,9.0,r/confidentlyincorrect,She was ready for the applause.
201,66.0,6400.0,16.0,r/vaxxhappened,Unreliable Narrators
202,416.0,1600.0,7.0,r/deadbydaylight,has to be plague fountain for me
203,24.0,3400.0,7.0,r/dndmemes,the only fear spell is one of your own mind
204,269.0,2300.0,11.0,r/povertyfinance,No one tells you about how much more it costs socially to finally escape poverty (holidays edition)
205,194.0,2700.0,11.0,r/marvelstudios,Marvel has done a great job of putting over Dr Strange as an important character in the MCU
206,368.0,6300.0,11.0,r/CrappyDesign,"Today is today!! Great pizza, but not to sure what‚Äôs going on with this menu!"
207,195.0,5700.0,18.0,r/byebyejob,Pilot Fired For Refusing Unsafe Flight Awarded $2 Million
208,111.0,3700.0,11.0,r/marvelmemes,t r e e
209,345.0,19300.0,15.0,r/DunderMifflin,Watch someone different each time.
210,291.0,3300.0,11.0,r/CuratedTumblr,On Compulsory Voting
211,275.0,8900.0,9.0,r/facepalm,What kind of idiot trusts doctors and researchers? /s
212,25.0,6100.0,9.0,r/AvatarMemes,Until next November 1st
213,310.0,1700.0,12.0,r/harrypotter,"The goblet of fire is a top tier book, it‚Äôs an absolutely atrocious movie. Change my mind."
214,270.0,1000.0,7.0,r/JoeRogan,Tim notices that Rogan's friends are very unlucky
215,98.0,3100.0,7.0,r/BlackPeopleTwitter,you better wtfo owens. misschillyone is coming for you & that mop...
216,329.0,50400.0,17.0,r/wholesomememes,Even when everything feels bad it‚Äôs nice to know my friends care about me enough to send silly pictures (someone said this community might like this)
217,138.0,2400.0,5.0,r/ANormalDayInRussia,Russians trying to make sense of English
218,600.0,10600.0,12.0,r/worldnews,UN 'horrified' by reports of massacre of civilians in Myanmar
219,171.0,3800.0,8.0,r/Superstonk,Big Evergrande oof.
220,294.0,12900.0,17.0,r/dankruto,talk about old fashioned
221,216.0,1600.0,9.0,r/kpop,"'GOT the beat' (BoA, Taeyeon, Hyoyeon, Wendy, Seulgi, Karina & Winter) is the first unit of SM's new project Girls On Top (GOT) that will have new units of their female artists with various combinations"
222,178.0,9600.0,14.0,r/KidsAreFuckingStupid,Oh my
223,159.0,5400.0,10.0,r/leagueoflegends,I lost 6 games in a row because the enemy team had the better jglr.
224,394.0,9000.0,11.0,r/whenthe,dont deny it
225,179.0,5200.0,9.0,r/sadcringe,He even cries himself to sleep (seen in r/niceguys)
226,401.0,40300.0,16.0,r/aww,She got what she wanted for Christmas.
227,277.0,5200.0,15.0,r/HydroHomies,I‚Äôm a chemist and this pisses me off. Don‚Äôt fall for this crap homies.
228,88.0,6100.0,17.0,r/TwoSentenceHorror,I recently discovered a device that replays the moments in your life when you were closest to death
229,180.0,6200.0,10.0,r/marvelstudios,My friend said Hawkeye Ep 3 was the best episode of any Disney Marvel TV show. I told her that i enjoyed it and asked her why it stood out. Turns out my enjoyment was far less profound than hers.
230,46.0,2600.0,5.0,r/shitposting,No üò¢
231,308.0,8800.0,11.0,r/playstation,A bit over 35 but still..
232,280.0,4100.0,14.0,r/justneckbeardthings,"Weeb really wants all ""foreigners"" to be expelled from Japan"
233,215.0,1700.0,7.0,r/insaneparents,"Please be brutally honest, am I the asshole here?(sorry for bad crop)"
234,317.0,892.0,7.0,r/steelers,Tomlin laughs at any of you fools who want a new Coach. No Coach would win with this atrocious offensive line. Only way he would get fired is if he had 3-4 bad years in a row. Steelers don't fire Head Coaches. Deal with reality.
235,124.0,5400.0,10.0,r/baseball,Drawing Mike Trout every day until the lockout is over. Day 23.
236,318.0,4100.0,17.0,r/RimWorld,This is my 10 year old extra deep mountain base.
237,244.0,36600.0,14.0,r/rarepuppers,My AirB&B came with a bonus feature. Affectionately dubbed *The Golden Girls*
238,14.0,4300.0,8.0,r/maybemaybemaybe,Maybe Maybe Maybe
239,144.0,2500.0,9.0,r/TheRightCantMeme,I feel like I lost 10 IQ points looking at this
240,278.0,2500.0,6.0,r/sports,Washington Football Team players fighting amongst themselves on the sideline during Sunday Night Football
241,325.0,26000.0,17.0,r/space,Found the JWST in the sea of stars! Go little guy!
242,104.0,1900.0,9.0,r/LivestreamFail,Miz and Poki play a game
243,61.0,5700.0,8.0,r/MadeMeSmile,This very cool gramps..
244,119.0,38400.0,16.0,r/blursedimages,Blursed Superpower
245,257.0,1400.0,8.0,r/SquaredCircle,Seth Rollins confirms he has COVID-19
246,1400.0,17600.0,13.0,r/PublicFreakout,Dude harasses five year old over pride flag
247,119.0,4900.0,9.0,r/pokemongo,Perfect Coincidence?
248,142.0,6300.0,10.0,r/TheLastAirbender,That's gonna be one fine lookin Earthbender
249,127.0,5400.0,17.0,r/ich_iel,ichüá™üá∫üá¨üáßiel
250,170.0,4300.0,16.0,r/Military,It‚Äôs a team effort
251,114.0,1700.0,4.0,r/funnyvideos,These balls are on fireüî•üî•
252,362.0,7100.0,10.0,r/marvelmemes,Who‚Äôs the best Spider-Man?
253,72.0,8300.0,9.0,r/Unexpected,I'm dead lol
254,83.0,3600.0,16.0,r/LatinoPeopleTwitter,It must have been so healing for her inner child üò≠
255,166.0,3900.0,14.0,r/tf2,Can someone explain to me what the levels on items do?
256,140.0,5700.0,10.0,r/toptalent,"After 2 years and over 750 working hours, my dad finally finished building his fireplace"
257,547.0,29000.0,12.0,r/nextfuckinglevel,Dad receives a present from the recipient of his son's heart
258,129.0,5700.0,13.0,r/tumblr,Lemon
259,146.0,21200.0,11.0,r/dankmemes,batman is a little scary
260,376.0,27500.0,15.0,r/AnimalsBeingDerps,Ferret‚Äôs: they‚Äôre basically just tubular cats.
261,251.0,2200.0,11.0,r/mapporncirclejerk,My girlfriend trying to recreate the world from memory ended pretty well.
262,282.0,4500.0,17.0,r/KitchenConfidential,Timelapse of the line
263,242.0,2100.0,5.0,r/iamatotalpieceofshit,Woman sexually assaults guy on train
264,81.0,7900.0,12.0,r/lotrmemes,I fixed it
265,116.0,5500.0,13.0,r/Instagramreality,Good editing ‚â† real!
266,436.0,2600.0,6.0,r/memes,"Try me, foolish mortals."
267,298.0,2100.0,3.0,r/Damnthatsinteresting,This Is How Women Dressed In The Year 1896
268,2.0,2200.0,6.0,r/gayspiderbrothel,shadow the hedgehogs a bitch ass motherfucker
269,223.0,2700.0,7.0,r/tifu,tifu by getting a getting a happy ending
270,76.0,3200.0,6.0,r/NatureIsFuckingLit,"üî• An Emerald Tree Boa giving birth. They are Ovoviviparous - the egg stays inside the mother after fertilisation; unlike Viviparous snakes where there are no eggs, just live births after gestation. Egg-laying snakes are Oviparous."
271,184.0,6500.0,10.0,r/ShitPostCrusaders,Idk who im supposed to put for part 5
272,174.0,3400.0,8.0,r/tf2,My first attempt
273,32.0,2300.0,6.0,r/destiny2,Why do you exist?!
274,64.0,1900.0,5.0,r/DunderMifflin,Has there ever been a better sales pitch of hot garbage than Andy with his break room cheese platter?
275,123.0,1900.0,5.0,r/MovieDetails,"In ‚ÄòDon‚Äôt Look Up‚Äô (2021), astronomers appear on a ‚ÄòMorning Joe‚Äô-style cable news talk show. Though not explicitly noted as liberal, their logo reflects their slant. A clever detail!"
276,179.0,6700.0,11.0,r/assholedesign,"want to trigger somepeople, here take this 90% likely repost that i had from twiter. fits the suvb citeria though"
277,243.0,4900.0,14.0,r/battlefield2042,Got a glitch where I got downed in first-person view instead of third-person. Looks much more immersive.
278,151.0,9400.0,13.0,r/Eyebleach,Sharing is caring
279,321.0,2200.0,6.0,r/mildlyinfuriating,Does anyone actually like these?
280,332.0,16300.0,18.0,r/lifehacks,How to quickly fold a t shirt
281,147.0,5600.0,17.0,r/IASIP,My Jabroni of a sister put an insane amount of effort into my Christmas present. Gonna nail the game board to the dining table this evening and let you know how it goes!
282,318.0,4900.0,16.0,r/DiWHY,I'm amazed by people trying to do things the hardest way possible
283,66.0,4700.0,10.0,r/LivestreamFail,Soda unboxes CodeMiko
284,138.0,12700.0,20.0,r/formuladank,This temperature revealing coffee mug my wife got me for Christmas. Dis feels good üëç
285,326.0,22100.0,13.0,r/WinStupidPrizes,She trying to hide her bangs.
286,290.0,1300.0,6.0,r/DocumentedFights,fight over basketball
287,157.0,4700.0,10.0,r/trashy,üö©üö©üö©üö©üö©
288,261.0,2900.0,11.0,r/buffalobills,BILLS BEAT THE PATS UPVOTE PARTY!!!!!
289,176.0,20800.0,17.0,r/Steam,The ultimate disrespect
290,41.0,2500.0,7.0,r/OldPhotosInRealLife,Unknowingly captured the same image in 2020 that my dad took on vacation back in 1965 - Shenandoah NP
291,156.0,23000.0,14.0,r/AnimalsBeingBros,Gentle demand
292,45.0,4200.0,10.0,r/Baking,I made a gingerbread Tudor cottage this year!
293,45.0,3500.0,7.0,r/WitchesVsPatriarchy,Feminist saint üôèüèª
294,206.0,3600.0,9.0,r/weed,Blinkers only foo!
295,333.0,3700.0,16.0,r/botw,which song is this from? I got it for christmas but can‚Äôt really hear the theme
296,49.0,1300.0,3.0,r/AbsoluteUnits,My parents dog who i got to see over the holidays
297,262.0,1700.0,10.0,r/army,I swear half of the photos units put on their Facebook pages make the Army look like a giant circus.
298,322.0,4500.0,10.0,r/raimimemes,She is not. I resent that.
299,70.0,2100.0,8.0,r/IndianDankMemes,Here we go again...
300,312.0,38500.0,18.0,r/suicidebywords,I'm 6' .
301,64.0,2400.0,4.0,r/memes,Swear words galore
302,114.0,5600.0,15.0,r/agedlikemilk,"Kids are so lucky nowadays, my childhood was basically ruined because of how far back I had to sit. Thanks alot, ""mom"""
303,75.0,1700.0,4.0,r/shittymoviedetails,In Blade (1998) the policeman tell Blade to freeze and he turns without resisting however after seeing he is a black man the police fires at him
304,145.0,881.0,8.0,r/Teachers,Tennessee's New Teacher Discipline Act goes into effect 2022
305,48.0,2900.0,8.0,r/Art,"Snow Light Shadow, me, watercolor, 2021"
306,109.0,2800.0,180.0,r/DocumentedFights,HMFT after I try to attack someone whose filming me
308,192.0,4600.0,12.0,r/Deltarune,Mike‚Äôs favorite game
309,56.0,644.0,7.0,r/overlord,Can anyone tell me what does she mean by that? (Overlord season 2 ep 10)
310,34.0,1700.0,5.0,r/yesyesyesno,yes yes yes no
311,87.0,4300.0,15.0,r/tf2shitposterclub,BuT i'M THE mEdIc Only I GeT tO TaKe MedKiTs!!!!!1!!!!
312,81.0,6500.0,12.0,r/Jokes,At my boss's funeral kneeling and whispering at the coffin
313,315.0,44800.0,16.0,r/PeopleFuckingDying,pOor CAt bEInG dEvouReD By A fUckiNG mONsTEr
314,1200.0,15200.0,17.0,r/news,"Man killed in front of his 3 kids, girlfriend in potential Christmas Eve road rage shooting"
315,238.0,8400.0,14.0,r/natureismetal,Tour guide feeds a giant American crocodile in Costa Rica's Tarcoles river
316,38.0,3200.0,8.0,r/bonehurtingjuice,What's wrong with his hand?
317,44.0,2900.0,8.0,r/DidntKnowIWantedThat,"The Mercury Train, 1936"
318,172.0,16800.0,15.0,r/EarthPorn,Ice Cave in Iceland Dec‚Äô21 [OC][2982x3995]
319,359.0,2500.0,7.0,r/RedDeadOnline,do you like my character?
320,123.0,4900.0,23.0,r/Cringetopia,Headphones
322,92.0,1900.0,6.0,r/MakeMeSuffer,"I posted a burn on my hand just recently. I have another burn from a radiator cap unthreading on a HWY. I DO know better to mess with a radiator when it‚Äôs boiling and over heated, but it unthreaded, It sounds like a loud zip noise and is scary. I got out of the way and avoided traffic just in time."
323,109.0,5800.0,18.0,r/MonsterHunter,___Pretty much yeah
324,86.0,1900.0,4.0,r/PublicFreakout,Joel Michael Singer‚Ä¶ remember? We do.
325,156.0,3000.0,12.0,r/gtaonline,Who here still has the free Orbital Cannon shot from Christmas of 2017?
326,150.0,1200.0,9.0,r/yakuzagames,I'm on my second play through of Y4
327,240.0,1400.0,11.0,r/cyberpunkgame,Cut Content? - Human Shield Perk
328,46.0,11300.0,11.0,r/greentext,Anon is special
329,1300.0,43000.0,15.0,r/oddlyterrifying,"I knew some snakes gave live birth, but I've never seen it before today."
330,203.0,23300.0,16.0,r/instant_regret,Playing with the paper bag
331,152.0,5400.0,11.0,r/FUCKYOUINPARTICULAR,Lovely day to be outside on my own
332,61.0,5500.0,12.0,r/SandersForPresident,"If you are neutral in situations of injustice, you have chosen the side of the oppressor."
334,368.0,12100.0,15.0,r/Minecraft,i made.... uhm... this.
335,98.0,1700.0,12.0,r/breakingbad,Thoughts on this scene? In my opinion one of the greatest moments in the history of TV.
336,152.0,5500.0,16.0,r/FuckYouKaren,Found yesterday. Actual Karen screws up recipe and rates it lower due to her mistake.
337,47.0,2200.0,7.0,r/antiassholedesign,Instead of listing games on sale for 34.99$ like most stores would. GameStop lists them for 35.01$ so they are eligible for free shipping.
338,77.0,2500.0,8.0,r/loseit,Any ‚Äúweight gain‚Äù after a single holiday meal is poop and water retention. You didn‚Äôt ‚Äúgain‚Äù multiple pounds of body fat. You‚Äôre fine.
339,16.0,4400.0,10.0,r/suspiciouslyspecific,Sleep overs
340,154.0,14100.0,14.0,r/BikiniBottomTwitter,There's no point anymore.
341,184.0,3800.0,15.0,r/StarWars,Is anyone else waiting patiently for The Book of Babu Frik?
342,256.0,1700.0,5.0,r/IndianDankMemes,koi achi horror movie btao reddit walon?
343,31.0,3000.0,9.0,r/ToiletPaperUSA,Why isn‚Äôt anybody talking about this?
344,99.0,2800.0,8.0,r/skyrim,That awkward moment when you only need Otar and can‚Äôt find where you sold it when you first started‚Ä¶
345,262.0,7500.0,15.0,r/RocketLeague,"I made custom balls, hear me out Psyonix"
346,251.0,1900.0,9.0,r/amcstock,"If AA says we now own 90% of the float, up from 80%, what if we just buy the supposed last 10% lol"
347,134.0,1100.0,8.0,r/nursing,New psych patient was not excited about our intake questionnaire
348,24.0,1300.0,4.0,r/nevertellmetheodds,Finger of God
349,87.0,1900.0,6.0,r/OnePiece,King's Jacket theory
350,196.0,2300.0,8.0,r/maybemaybemaybe,Maybe maybe maybe
351,94.0,6800.0,12.0,r/Breath_of_the_Wild,Drawing badly until BOTW 2 - Day 414
352,16.0,2500.0,8.0,r/rickandmorty,Who can relate?
353,83.0,2300.0,7.0,r/playboicarti,some of u all üíÄüíÄ W or L tweet‚ÅâÔ∏è
354,130.0,11100.0,12.0,r/pcmasterrace,How the times have changed.
355,76.0,6300.0,12.0,r/lgbt,Gender expression and sexual orientation aren't the same things.
356,106.0,9100.0,15.0,r/comics,These little spawns of Evil [OC]
357,275.0,1200.0,9.0,r/RoastMe,"I‚Äôm on a 30h call shift trying get half an hour of sleep while waiting for the third admission tonight, just go for it"
358,29.0,5800.0,12.0,r/photoshopbattles,PsBattle: this dog snoozing
359,135.0,1200.0,14.0,r/ConservativeMemes,Straw
361,123.0,3500.0,10.0,r/confusing_perspective,Cat after surgery
362,47.0,2700.0,8.0,r/ABoringDystopia,"Stay safe, guys. Police are not friends."
363,62.0,4600.0,11.0,r/DnD,[OC] Adventurer vs Non-Adventurer Mentality
364,212.0,535.0,5.0,r/newzealand,"Destiny Church's Brian Tamaki allegedly threatens to have future mobile vaccination clinics blown up, police investigating"
365,257.0,4500.0,15.0,r/youngpeopleyoutube,Why do parents let their kids use phones?
366,134.0,2900.0,9.0,r/space,Just finished this Lego Saturn V for Xmas. I‚Äôm now officially a lego aerospace engineer
367,115.0,3600.0,13.0,r/watchpeoplesurvive,"Security officer in Jakarta was struck by lightning while on duty, Victim survived after 4 days of in the hospital."
368,227.0,10300.0,17.0,r/notinteresting,"Today (December 26th) at 7:30 AM, the beloved actress who was a pioneer of early television, Betty White, was still alive. Probably having breakfast."
369,99.0,1100.0,9.0,r/EscapefromTarkov,Don't. Breathe.
371,135.0,1500.0,10.0,r/psychology,A study of 264 people by Swedish researchers found narcissism and low intelligence are predictive of belief in astrology
372,173.0,3300.0,14.0,r/GaySoundsShitposts,gotta tell my hairstylist what i want
373,233.0,4600.0,12.0,r/food,[homemade] Pineapple pizza!
374,227.0,617.0,6.0,r/Witcher3,Just got Witcher any tips.
375,67.0,10900.0,19.0,r/starwarsmemes,"""Don't try it""! Whoosh-whoosh! ""I will try it""! Wheeeeee! Pew-pew! Pew-pew!!!"
376,32.0,3900.0,10.0,r/AteTheOnion,Sometimes I really can't tell if they're eating it or not.
377,38.0,5500.0,10.0,r/aww,full send kitty
378,110.0,2000.0,8.0,r/VALORANT,[Concept] Valorant Honor System
379,91.0,6700.0,18.0,r/JustGuysBeingDudes,Can't think of an interesting title right now
380,462.0,3000.0,5.0,r/antiwork,You guys have opened my eyes
381,85.0,3200.0,7.0,r/shitposting,Cock
382,97.0,3500.0,6.0,r/WhitePeopleTwitter,Nervously LMAO.......um.
383,68.0,3800.0,10.0,r/NonPoliticalTwitter,TRIANGLES TASTE BETTER
384,112.0,11700.0,12.0,r/Superstonk,The Number of the Beast
385,166.0,14200.0,18.0,r/Futurology,South Korea completes construction of solar panel recycling facility - $15.5 million - that will accept about 1/3 of expected retired solar panels from country in 2023.
386,32.0,2100.0,7.0,r/yesyesyesyesno,Hiding from the cat
387,186.0,2900.0,13.0,r/modernwarfare,I would do anything to bring this look of the game back‚Ä¶
388,63.0,3900.0,10.0,r/AnimalsBeingJerks,Puzzle piece thief!
389,109.0,1400.0,9.0,r/egg_irl,Eggüò§irl
390,194.0,2700.0,12.0,r/ComedyNecrophilia,[Insert Title]
391,21.0,2500.0,7.0,r/BlackPeopleTwitter,"""Yeah, that'll work.. Maybe.."""
392,234.0,20400.0,24.0,r/rareinsults,Is this a comeback? idk
394,111.0,3300.0,15.0,r/aviation,Working on the line has it‚Äôs perks
395,132.0,2800.0,7.0,r/todayilearned,"TIL that Frito-Lay ran a market research study in the 90s to rebrand Doritos, which resulted in making the corners of the chips rounded so they broke less and produced less scraps at the bottom of the bag."
396,149.0,2000.0,12.0,r/bengals,Joe Burrow Upvote Party! 525 yards and 4 TDs!
397,76.0,6000.0,13.0,r/wholesomegifs,"Spying on the grandfather who ""did not want a dog"""
398,182.0,7100.0,10.0,r/funny,Sweet Dreams...
399,14.0,1400.0,5.0,r/TheBoys,I posted my Homelander art on Instagram and Toni Starr himself commented on it! What a cool thing for him to do.
400,42.0,6100.0,13.0,r/GetMotivated,[Image] Embarrassment Is the Cost of Entry
401,16.0,4600.0,11.0,r/2meirl4meirl,2meirl4meirl
402,72.0,2800.0,14.0,r/ShittyLifeProTips,"SLPT:When your partner breaks up with you, instead of getting upset, just shrug and say,""Oh well,"" and walk away. This will confuse them and make them re-examine their decision and possibly not go through with the break-up."
403,80.0,10100.0,15.0,r/gifsthatkeepongiving,Pick as much as you can carry
404,132.0,1700.0,11.0,r/fo4,"So I walked into the Institute, thinking it was just evil. I wasn't really listening all that much, walked in, shot the guy in the coat, and was told to leave. There was a struggle."
405,106.0,3200.0,6.0,r/MadeMeSmile,is she 7 or 27?!
406,182.0,3300.0,15.0,r/Persona5,These are my conclusions after months of highly scientific observation
407,108.0,2100.0,9.0,r/playboicarti,Had to show future my cover of his best song
408,207.0,1500.0,10.0,r/Overwatch_Memes,take the challenge
409,187.0,1500.0,9.0,r/Philippines,"I knew my BBM relatives are staying for the Holidays, so I came prepared. My internet, my rules."
410,179.0,1500.0,8.0,r/49ers,THE SEAHAWKS HAVE BEEN ELIMINATED FROM PLAYOFF CONTENTION
411,126.0,2500.0,13.0,r/DestinyTheGame,I just joined a Rat King only Trials LFG and it was the most fun I‚Äôve ever had
412,113.0,3800.0,10.0,r/BikiniBottomTwitter,You can drive 5 hours and still be in Texas
413,110.0,2800.0,15.0,r/StarWarsBattlefront,Supremacy with new characters on private servers (kyber)
414,15.0,1900.0,6.0,r/PewdiepieSubmissions,In the latest video
415,115.0,6200.0,15.0,r/evilbuildings,Vlasov Roman is an architect for supervillains
416,58.0,3200.0,10.0,r/books,"In remembrance of Desmond Tutu, Archbishop of South Africa, anti-apartheid and human rights activist, Nobel peace prize winner who died today."
417,206.0,1400.0,9.0,r/husky,looking for an inescapable dog crate for this Houdini! He‚Äôs broken out of every crate I‚Äôve gotten him and has hurt himself in the process!
418,76.0,947.0,9.0,r/TrueSTL,Which one are you
419,155.0,4600.0,17.0,r/SpidermanPS4,Shut up. Get out
420,232.0,18200.0,11.0,r/nextfuckinglevel,World's largest single firework shell
421,37.0,3200.0,6.0,r/HolUp,Good holup
422,161.0,2500.0,9.0,r/WeirdWheels,I just dragged a 1976 Citicar car home.
423,69.0,4900.0,17.0,r/batman,"This is a ""CLASSIC"" christmas episode"
424,213.0,1200.0,10.0,r/technews,TikTok tops Google as the most visited website on the internet
425,68.0,4500.0,12.0,r/tuckedinkitties,this must be so cozy
426,43.0,2800.0,13.0,r/jerma985,i cant be the only one who gets fucked up by this
427,211.0,11400.0,13.0,r/hmm,hmm
428,358.0,5600.0,10.0,r/IdiotsInCars,"Idiot sees truck, panics, then backs into car at stop sign"
429,198.0,3300.0,14.0,r/CasualUK,Adele portrait by me ‚ú®üñåüôè
430,132.0,1200.0,8.0,r/shittyfoodporn,It‚Äôs a purple sweet potato guys!
431,58.0,2400.0,9.0,r/AbandonedPorn,"Abandoned church, middle of nowhere‚Ä¶ last service was 2003"
432,80.0,18300.0,15.0,r/blessedimages,Blessed_Technicians
434,23.0,861.0,3.0,r/dogelore,Day Twenty Six of Destroy your Dick December Has Arrived.
435,131.0,6400.0,15.0,r/specializedtools,I‚Äôll see your jar opener and raise you my great great grandma‚Äôs jar opener
436,93.0,993.0,5.0,r/polandball,Asians and Dairy
437,141.0,1800.0,13.0,r/DC_Cinematic,"Michael Keaton, Brendan Fraser and J.K Simmons all in the same movie. Smells like a W to me."
438,77.0,4500.0,12.0,r/DesignPorn,Santa Maria Goretti Church [1024x1024]
439,148.0,1800.0,9.0,r/InternetIsBeautiful,I am happy to report Zombo.com is still around in it's original glory
440,24.0,1900.0,7.0,r/hmmm,hmmm
441,112.0,602.0,4.0,r/Genshin_Impact_Leaks,Outfit Teaser: Teyvat Style - Swirling Hues
442,29.0,1800.0,7.0,r/oldpeoplefacebook,"Visiting grandma, this is how she ""gets to Hulu""... On Netflix."
443,70.0,6300.0,15.0,r/titanfall,What üò≥
444,17.0,1900.0,8.0,r/Chonkers,it is me who achieve my goals
445,199.0,5500.0,18.0,r/intermittentfasting,"25F, 5ft, SW:184, CW: 152. Not a huge difference this month but posting an update."
446,1600.0,2500.0,8.0,r/AskReddit,What would your immediate response be to a dick pic in your DMs?
447,67.0,4400.0,14.0,r/witcher,Playing Witcher 3 be like.
448,127.0,2700.0,14.0,r/Komi_san,"Please don't right click/screenshot this, I spent my life savings on this"
449,18.0,4500.0,20.0,r/Zoomies,A Ball Of Energy ...
451,125.0,814.0,7.0,r/PS5,"Spider-Man Miles Morales is the second best-selling game on PS5 in Europe, just behind FIFA 22."
452,128.0,4100.0,7.0,r/Unexpected,The standing ovation
453,33.0,2300.0,4.0,r/Damnthatsinteresting,What are the odds
454,61.0,1200.0,5.0,r/libertarianmeme,Culinary defense
455,95.0,984.0,7.0,r/NFCNorthMemeWar,Whatever It Takes
456,89.0,507.0,6.0,r/The10thDentist,Graphics are more important than gameplay.
457,130.0,9500.0,15.0,r/formula1,That great transition shot between Hamilton and Verstappen fighting for the win in Spain
458,105.0,2300.0,10.0,r/HollowKnight,How to get fit playing hollow knight
459,35.0,1700.0,5.0,r/oddlysatisfying,Quarantine Olympic
460,96.0,3000.0,15.0,r/youseeingthisshit,HMC as I side suck a beer
462,118.0,7000.0,13.0,r/youseeingthisshit,Reaction is priceless
463,75.0,619.0,5.0,r/india,"BJP asks Telangana cops not to give permission to Munawar Faruqui show, vows to prevent his entry into Hyderabad"
464,70.0,5300.0,17.0,r/SmashBrosUltimate,I am late
466,180.0,1100.0,7.0,r/loopringorg,"Put $1.5k into Loopring for the purpose of taking it out at the end of 2022 to buy an engagement ring. Whatever the investment becomes, will be how much the ring will be worth. Loopring to engagement ring, let‚Äôs see how this goes üëÄüëÄ"
467,132.0,1800.0,10.0,r/Cooking,[UPDATE] I found a box of recipes while clearing out elderly person's home. She didn't want them anymore so I'm transcribing them for you. I hope you enjoy.
468,28.0,9000.0,14.0,r/meirl,meirl
469,139.0,4000.0,17.0,r/woodworking,New Roommate Needed a Bed. So I Made Him One.
470,98.0,390.0,4.0,r/Qult_Headquarters,How to restore the stolen wealth?
471,23.0,1300.0,5.0,r/pyrocynical,Pie row
472,47.0,1700.0,8.0,r/FemaleDatingStrategy,We're not doing it anymore
473,74.0,3200.0,14.0,r/bindingofisaac,I'm sure the item was poop
474,82.0,38400.0,15.0,r/cursedcomments,Cursed_Gloryhole
475,77.0,894.0,8.0,r/KansasCityChiefs,#1 IN THE AFC WEST AGAIN!! HOW 'BOUT THEM CHIEEEEEEFS!!!!!
476,136.0,12900.0,17.0,r/AbsoluteUnits,Absolute Unit of a Chinchilla!
477,81.0,1100.0,5.0,r/h3h3productions,Ok I need more opinions do you guys see someone in this watching the movie boys and girls with Freddie prince jr
479,65.0,644.0,6.0,r/arcane,[spoilers ep9] The monster(s) you created.
480,108.0,2700.0,12.0,r/HollowKnightMemes,I think this post speaks for itself and requires no further explanation
481,83.0,19200.0,18.0,r/reactiongifs,MRW my dad thanks me for the Christmas gift I got him with his own money
482,65.0,2900.0,13.0,r/wow,Green Helper - Dark Legacy Comics #802
483,52.0,2400.0,7.0,r/AbruptChaos,Great you!?
484,537.0,2700.0,7.0,r/nba,"[Post Game Thread] The Cleveland Cavaliers (20-13) defeat the Toronto Raptors (14-16), 144 - 99"
485,121.0,2400.0,4.0,r/memes,It's not as fun anymore
486,21.0,3300.0,10.0,r/OTMemes,"Blows, this party does"
487,154.0,420.0,4.0,r/KanojoOkarishimasu,Hard to choose right?
488,191.0,5700.0,15.0,r/pitbulls,"We got Luna's DNA results back today! Regardless of what it says, she's still 100% good girl"
489,79.0,2500.0,10.0,r/thatHappened,how do they come up with this shit
490,53.0,3500.0,11.0,r/dontputyourdickinthat,auto stirring coffee mug
491,64.0,2100.0,8.0,r/writing,The struggle is real
492,131.0,1300.0,5.0,r/reddeadredemption,You know what comes next. Pew pew.
493,52.0,2400.0,13.0,r/FuckNestle,They removed their brand from their water bottles
494,61.0,3100.0,14.0,r/PeopleFuckingDying,The dive at the end is graceful.
496,38.0,1600.0,7.0,r/redneckengineering,PVC pipe bazooka ignites bonfire
497,80.0,6000.0,15.0,r/Catswithjobs,Interior Decorator
498,87.0,8800.0,15.0,r/natureismetal,Saw a wolf packs Christmas dinner on the drive home yesterday.
499,61.0,2500.0,8.0,r/dndmemes,There should come a point in a PC‚Äôs leveling up where thugs with low CR have disadvantage to intimidate.
500,70.0,2700.0,14.0,r/ColorizedHistory,"Battery Park, NY, on a hot day, circa 1910-1915."
501,58.0,7700.0,15.0,r/fakehistoryporn,Andy Warhol creates the first NFTs (1964)
502,77.0,1300.0,11.0,r/tacticalgear,‚ÄúAkChUaLlY‚Äù
503,69.0,2200.0,8.0,r/MapPorn,Similar territories
504,92.0,542.0,5.0,r/DBZDokkanBattle,He is #1. PHY SSJ3 Goku APT.
505,81.0,3200.0,18.0,r/Damnthatsinteresting,A bridge that is way too wobbly
507,82.0,454.0,5.0,r/mmamemes,It‚Äôs trueü§∑‚Äç‚ôÇÔ∏è
508,40.0,2500.0,15.0,r/bisexual,For Christmas my sister got me one calendar with half-naked sexy guys and one calendar with half-naked sexy girls.
509,54.0,6300.0,10.0,r/gaming,He strikes again
510,45.0,5300.0,10.0,r/technicallythetruth,Different spelling for every nationality
511,40.0,4300.0,12.0,r/Catswithjobs,Bodega manager
512,16.0,2200.0,9.0,r/anime_irl,anime_irl
513,52.0,3400.0,11.0,r/mathmemes,Are logic memes allowed here?
514,412.0,3400.0,9.0,r/TrueOffMyChest,I hate when Americans visit my country thinking they own it
515,51.0,2800.0,14.0,r/Cyberpunk,Simulated Cyberpunk vs Real Cyberpunk...
516,9.0,1500.0,4.0,r/Hololive,Tryhard Kronii Animation
517,453.0,7300.0,11.0,r/mildlyinfuriating,They won't let you save your drawing if you are doing the free trial
518,138.0,1100.0,6.0,r/Terraria,I finally got them all! Anything else hard to obtain that I might want to get?
519,85.0,3000.0,16.0,r/houseplants,Merry Christmas to me! My first Monstera flower
520,483.0,2600.0,10.0,r/Tinder,Girl I've been dating already has a boyfriend and just wanted friends on this app?
521,95.0,1300.0,7.0,r/Showerthoughts,if you had a dollar for every year the universe has existed you still wouldn't be in the top 50 richest people.
522,434.0,11000.0,11.0,r/interestingasfuck,Demonstrating how fast a drone can be
523,53.0,1500.0,11.0,r/seinfeld,Anyone can just TAKE reservations *gestures arms wildly*
524,84.0,2000.0,10.0,r/drawing,Some of my father's sketches from prison
525,108.0,1500.0,8.0,r/btd6,"Come out with your hands up, we have the place surrounded"
526,64.0,5300.0,12.0,r/MoldyMemes,Pe√±is √ßhamber
527,21.0,3000.0,10.0,r/egg_irl,eggü§©irl
528,116.0,6100.0,15.0,r/blursed_videos,Blursed_diversion
529,29.0,2200.0,9.0,r/Chadtopia,This is seriously a king üëë
530,61.0,2200.0,9.0,r/adhdmeme,When you realise you have ADHD for the first time and think back over everything in a new light
531,63.0,1000.0,20.0,r/facepalm,"Do as I say, not as I do."
533,38.0,1300.0,6.0,r/arknights,The Saintess' wish for Christmas. [by @bokiboki333]
534,10.0,956.0,4.0,r/PS4,My cat told me to post this.
535,48.0,1200.0,11.0,r/holdmybeer,Hold my be...ers
537,18.0,2100.0,9.0,r/shittyrainbow6,This is very sad
538,61.0,2300.0,9.0,r/ShinyPokemon,"[pogo] i‚Äôm probably not the first to discover this, but Dialga and Palkia‚Äôs shiny colorations swap when inverted"
539,58.0,3300.0,9.0,r/dndmemes,Seems like an open invitation.
540,46.0,1700.0,11.0,r/LiverpoolFC,Top 3 Liverpool images of 2021? Here‚Äôs mine.
541,101.0,2000.0,13.0,r/Amd,I recently bought a 6600xt but I seemed to have gotten a bonus item
543,33.0,2700.0,10.0,r/FunnyandSad,"Ah sh*t, here we go again"
544,71.0,2700.0,11.0,r/MilitaryPorn,"Founder and first CO of SEAL Team Six, Slovak-American Richard Marcinko passed away at the age of 81. (November 21, 1940 - December 25, 2021 [2160√ó1169]"
545,239.0,6400.0,12.0,r/raimimemes,Oh
546,50.0,1500.0,5.0,r/Genshin_Impact,[Fanart] Corruption
547,64.0,1500.0,10.0,r/religiousfruitcake,nothing to say here ........
548,57.0,1300.0,6.0,r/TankPorn,"My son made a ""tank"" out of air-dry clay"
549,471.0,5900.0,13.0,r/todayilearned,"TIL about Jacob Fugger. He was born in 1459, was (arguably) the richest man who ever lived, and shaped history by influencing kings and popes to act in his own best interests."
550,86.0,511.0,5.0,r/Nicegirls,"Cut off girl for being racist, she blocks me"
551,139.0,2700.0,6.0,r/oddlyterrifying,Drone reaching ridiculous speed in 1 second
552,101.0,17600.0,16.0,r/antimeme,Blub blub
553,18.0,1300.0,6.0,r/perfectloops,[A] Pink vs Blue
554,38.0,5000.0,15.0,r/dogelore,Le gift has not arrived
557,309.0,2200.0,7.0,r/unpopularopinion,Becoming homeless can and should be one of the things people should fear more.
558,63.0,5100.0,16.0,r/RoomPorn,Frank Gehry's own house. [2210x2210]
559,67.0,6700.0,16.0,r/FoodPorn,My wife made British sausage rolls (we live in Finland)
560,26.0,1300.0,6.0,r/evangelionmemes,My God... I think this is me
561,107.0,1900.0,11.0,r/legostarwars,Guys what's wrong with my AT-AT
562,437.0,3100.0,8.0,r/teenagers,So... What am I?
563,81.0,1300.0,9.0,r/Music,Keane - Somewhere Only We Know [Rock]
564,142.0,2300.0,8.0,r/hockey,Gord Miller reveals Ivan Ivan's middle name during the first period of Czech vs Canada. Graphics operator quickly gets to work.
565,42.0,4600.0,12.0,r/antimeme,All I wanted was spaget
566,613.0,6700.0,12.0,r/cats,Anyone know the breed of my cat?
567,70.0,3900.0,13.0,r/PraiseTheCameraMan,Skaters are some of the most underrated cameramen
568,46.0,863.0,8.0,r/Breadit,"If I can't eat my first-ever panettone, can I at least get a few upvotes? (Obviously I still ate it off the floor)"
569,77.0,649.0,5.0,r/vancouver,Saw this in the backyard today. Figured I‚Äôd share it. I live in Coquitlam btw.
570,444.0,2300.0,9.0,r/HermanCainAward,Red Died Rather Than Comply. He Posted Images of His COVID-Destroyed Lungs But Kept Posting Disinformation.
571,28.0,1700.0,8.0,r/imsorryjon,Added some very basic animation to Rojom's The Forgiveness of Jon. Hope I did it some justice. I love this piece.
572,25.0,3300.0,11.0,r/LeagueOfMemes,No one expects the banana.
573,51.0,3800.0,10.0,r/therewasanattempt,To always listen to mom
574,224.0,2700.0,9.0,r/halo,What the heck is up with Sheila in Halo Infinite?! When did she get scared of pebbles and let them stop her?! Is she drunk? Since when does pushing FORWARD make you go BACKWARDS?! Am I the only one this happens to?!
575,105.0,351.0,3.0,r/FridayNightFunkin,P side is the worst Fnf mod
576,26.0,3700.0,12.0,r/TrashTaste,Let the Monkey be host
578,63.0,3500.0,12.0,r/dankvideos,Assert dominance
579,64.0,851.0,6.0,r/StupidFood,When the nuggets are too small‚Ä¶
580,38.0,980.0,5.0,r/ParlerWatch,Be on the look out y'all
581,115.0,7700.0,15.0,r/StardustCrusaders,I Sculpted my boyfriend as Jotaro!
582,92.0,6500.0,17.0,r/xboxone,We designed our xbox pads after our cats!
583,69.0,3300.0,15.0,r/UnexpectedlyWholesome,Guy walks in on worker dancing like a rock star
585,27.0,1200.0,7.0,r/worldbuilding,ANIMATION: Shifter Transforms While Yawning
586,46.0,533.0,4.0,r/freefolk,Peter Dinklage says 'The Lord of the Rings' fans were HAPPY about the finale because 'the pretty white people to ride off into the sunset'
587,115.0,1400.0,9.0,r/Berserk,Barnes and noble had a 50% off hardcover books sale...
588,51.0,4800.0,20.0,r/shitposting,meüò®irlgbt
590,52.0,1000.0,7.0,r/cowboys,Randy Gregory is at it again
591,49.0,2600.0,13.0,r/awfuleverything,This is probably a repost
592,105.0,2300.0,13.0,r/ihadastroke,My friend in discord is an idiot
593,22.0,1400.0,10.0,r/thesims,"Back in 2019, I designed this concept for the main menu"
594,39.0,4000.0,13.0,r/thisismylifenow,Let me fix your hair for you
595,38.0,3600.0,10.0,r/AnimalsBeingDerps,This derpy duck brought me joy today
596,54.0,2700.0,12.0,r/theyknew,Mickey definitely knew what he was doing?
597,82.0,1200.0,10.0,r/projectcar,Me and my friends are building a limousine from a 2005 Volvo V70 (2.5T)
598,313.0,5000.0,12.0,r/LeopardsAteMyFace,Anti-vaxxer kickboxing champion who refused to acknowledge he had Covid and discharged himself dies
599,139.0,9100.0,12.0,r/whenthe,Idk I don't watch Matt pat
600,27.0,1600.0,8.0,r/BanVideoGames,Reminder that g#ming is directly responsible for any and all cases of obesity
601,26.0,2900.0,11.0,r/tippytaps,I think my guy wants to go on a walk
602,52.0,1300.0,19.0,r/nextfuckinglevel,Guy built a functioning cpu from breadboards
604,40.0,3800.0,13.0,r/Markiplier,Marks new mousepad from Amy
605,43.0,918.0,5.0,r/ClashRoyale,I love clash royale.
606,63.0,5500.0,17.0,r/AccidentalRenaissance,Christmas late night
607,58.0,1200.0,10.0,r/CommunismMemes,How liberals think revolutions look like VS how they look like
608,80.0,18100.0,21.0,r/trippinthroughtime,boss music plays
609,36.0,624.0,4.0,r/Kanye,This the most hater shit i‚Äôve ever seen! üñïthe New York Post
610,14.0,1600.0,8.0,r/Catloaf,Kitten‚Äôs first loaf. Not bad for a trial run. Practice makes perfect.
611,90.0,930.0,9.0,r/TenseiSlime,Rimuru-Sensei & Doctor Raphael
612,68.0,1700.0,4.0,r/BlackPeopleTwitter,This is going into my all time favorite list of insults
613,330.0,1400.0,9.0,r/MMA,Petr Yan & Aljamain Sterling eager to settle the score
