,comment_count,upvote_delta,timeup_list,subreddit,thread_text
0,32.4k comments,42.3k,16 hours ago,r/AskReddit,Whats criminally overpriced to you?
1,13.3k comments,5.5k,15 hours ago,r/Wallstreetsilver,"FREE SILVER GIVEAWAY on REDDIT ... 15oz of SILVER FREE !!! Just comment why you love Silver and upvote this post. We will select 6 winners. 1st place gets 10oz End The Fed bar, 5 runner-up winners will get 1 oz WSS round! Contest ends New Years Eve at Midnight eastern time! üöÄ"
2,1.9k comments,21.6k,7 hours ago,r/HermanCainAward,Gratitude
3,152 comments,13.2k,6 hours ago,r/aww,Bucky Barnes
4,172 comments,12.9k,6 hours ago,r/MadeMeSmile,Goals.
5,983 comments,19.6k,7 hours ago,r/Damnthatsinteresting,"During the late 1800s through the early 1900s, physicians administered pelvic massages involving clitoral stimulation by early electronic vibrators as treatments for what was called female hysteria."
6,8.9k comments,23.8k,12 hours ago,r/teenagers,I'll Do My Best To Reply To Everyone
7,423 comments,21.1k,7 hours ago,r/clevercomebacks,Hes on point
8,961 comments,23.5k,6 hours ago,r/memes,And...let the argument begin!
9,6.8k comments,123k,12 hours ago,r/news,Ghislaine Maxwell found guilty in sex-trafficking trial
10,4.3k comments,39.6k,11 hours ago,r/politics,"Marjorie Taylor Greene calls it ""wise"" to bar Democrats who move to red states from voting"
11,337 comments,8.4k,6 hours ago,r/todayilearned,"TIL About the ""murder bottle"". Many Victorian mothers would use a self feeding bottle to give their babies milk instead of breastfeeding. These bottles were made of earthenware & glass & were incredibly hard to clean which caused severe bacteria build up & caused the deaths of thousands of babies."
12,253 comments,8.8k,5 hours ago,r/funny,My girlfriend and I fought and didn‚Äôt talk for 3 days so I sent her an Amazon gift with this as the message.
13,387 comments,12.0k,7 hours ago,r/CrappyDesign,Folding The Second-row Seat In The New Cadillac Escalade
14,4.0k comments,91.3k,13 hours ago,r/WhitePeopleTwitter,Poor Joe.
15,3.5k comments,28.1k,12 hours ago,r/TikTokCringe,When you put it like that!
16,2.3k comments,20.8k,8 hours ago,r/antiwork,"If people age 18 - 40 can't afford to partner, purchase a home, and raise a family, there will not be another generation."
17,130 comments,33.2k,18 hours ago,r/iamatotalpieceofshit,Covid Positive Woman attends Anti-Vaccine Rally in NYC
18,2.5k comments,7.6k,15 hours ago,r/AskMen,What do you tell your partner when she is having an orgasm?
19,217 comments,9.1k,6 hours ago,r/interestingasfuck,How Japanese vehicles came to Russia üòÆ
20,2.3k comments,56.9k,17 hours ago,r/worldnews,Kazakhstan completely abolishes death penalty
21,100 comments,9.9k,7 hours ago,r/Art,"Orange, me, digital, 2021"
22,290 comments,15.5k,7 hours ago,r/shitposting,right click
23,2.2k comments,34.1k,7 hours ago,r/pics,Boy praying in front of missing children poster at Walmart
24,116 comments,13.1k,8 hours ago,r/BlackPeopleTwitter,9 out of 10 shoppers can't tell the difference
25,2.0k comments,11.1k,20 hours ago,r/Warhammer40k,Goes straight through you. New Tau rules.
26,2.1k comments,36.1k,16 hours ago,r/Wellthatsucks,Got a chef's knife for Christmas
27,2.0k comments,24.5k,13 hours ago,r/Cringetopia,"""What if I danced half naked with my child for likes"""
28,2.0k comments,69.4k,15 hours ago,r/mildlyinfuriating,My father forgot to tell me the renovations would be taking the stairs out today.
29,1.9k comments,6.1k,10 hours ago,r/unpopularopinion,City people ruin small towns
30,1.1k comments,17.4k,8 hours ago,r/LifeProTips,"LPT: You don't have plot armour. Stop speeding. Stop drinking too much. Stop doing drugs. You can die, super easily and meaninglessly. Don't let that be your story."
31,1.8k comments,49.3k,12 hours ago,r/dankmemes,Approved by my Latino friends
32,217 comments,39.5k,9 hours ago,r/Unexpected,He did get a haircut tho
33,1.4k comments,19.6k,9 hours ago,r/worldnews,"Looming mass extinction could be biggest 'since the dinosaurs,' says WWF: More plants and animals than ever before are on a global list of threatened species, with the World Wildlife Fund Germany warning that more than 1 million species could go extinct within the next 10 years."
34,1.7k comments,23.6k,15 hours ago,r/movies,"The Warner Bros. release schedule worked. HBO Max acquired 45 million subscribers in 2021, making it the tenth most-downloaded app of the year."
35,1.7k comments,33.3k,18 hours ago,r/nottheonion,"Patriots fans among saddest, most miserable in NFL, new survey reveals"
36,1.5k comments,4.9k,15 hours ago,r/CFB,"Ohio State QB CJ Stroud on SoCal kids going out of state: ""You go to USC & UCLA games, and quite honestly, it's just kind of boring. Without all the people. They kind of just are there on vacation. You go to the other schools out of state & their fans are kind of like fanatics."""
37,1.6k comments,64.2k,12 hours ago,r/technicallythetruth,"$500 to $160,000 with NFT"
38,205 comments,9.3k,7 hours ago,r/natureismetal,This rock that looks like a severed head
39,1.5k comments,65.5k,18 hours ago,r/shittymoviedetails,"In the movie Don't Look Up, Leonardo DiCaprio is shown married to a woman who's in her mid 40s . This confirms that the movie is sci-fi because it's impossible for DiCaprio to be with a woman if shes over 25."
40,193 comments,9.3k,7 hours ago,r/nevertellmetheodds,"Ball spots itself at the 20 for the touchback, after a kickoff ""into"" the end zone"
41,1.4k comments,6.6k,14 hours ago,r/hockey,Report: IIHF cancels remainder of 2022 world juniors due to COVID-19
42,1.5k comments,28.3k,18 hours ago,r/IdiotsInCars,Everybody has a plan until they get punched in the mouth.
43,1.4k comments,3.4k,13 hours ago,r/SquaredCircle,(Fightful) Toni Storm released by WWE
44,183 comments,10.3k,8 hours ago,r/FoodPorn,My dad made a Sausage McMuffin and we just had to admire it [OC]
45,1.4k comments,30.2k,20 hours ago,r/tifu,TIFU by taking a job beyond my capabilities and I owe over $4k
46,193 comments,5.8k,5 hours ago,r/Showerthoughts,"Maybe dogs don‚Äôt really like belly scratches, they just like getting their nipples played with."
47,1.3k comments,22.1k,17 hours ago,r/marvelstudios,‚ÄòSpider-Man: No Way Home‚Äô Domestic Box Office Flies Past ‚ÄòRise Of Skywalker‚Äô Final $515.2M Total; Sony‚Äôs Best Ever Worldwide Total At $1.16B
48,642 comments,21.4k,9 hours ago,r/WhitePeopleTwitter,All of em
49,476 comments,11.8k,8 hours ago,r/pokemon,I created a tool that randomizes the entire map of Pokemon Platinum (Emerald supported too!)
50,74 comments,8.3k,7 hours ago,r/BikiniBottomTwitter,Walk of shame
51,1.2k comments,4.4k,16 hours ago,r/unitedkingdom,J.K. Rowling tops ‚ÄòPerson of the Year‚Äô award poll ‚Äî and it‚Äôs quickly closed
52,38 comments,5.9k,6 hours ago,r/StartledCats,The Tango cat
53,412 comments,10.1k,6 hours ago,r/teenagers,I pulled this with the money from a gamestop giftcardüòéüòéüòé
54,1.2k comments,22.8k,10 hours ago,r/PoliticalHumor,"Guess who was just convicted on 5 counts, inspite of donald's well wishes..."
55,1.4k comments,9.5k,18 hours ago,r/gadgets,"Apple ditched Intel, and it paid off"
56,1.1k comments,4.4k,6 hours ago,r/nba,"[Post Game Thread] The Memphis Grizzlies (22-14) defeat the Los Angeles Lakers (17-19), 104 - 99"
57,205 comments,37.3k,10 hours ago,r/wholesomememes,New Year Blessings
58,1.3k comments,28.6k,12 hours ago,r/facepalm,And people follow him?
59,547 comments,10.2k,9 hours ago,r/marvelstudios,I wonder why this 3 year old tv show is suddenly in the top 10?
60,1.2k comments,25.7k,16 hours ago,r/science,Substantial weight loss can reduce risk of severe COVID-19 complications. Successful weight-loss intervention before infection associated with 60% lower risk of severe disease in patients with obesity.
61,1.2k comments,12.4k,20 hours ago,r/explainlikeimfive,"ELI5 If boiling water kills germs, aren't their dead bodies still in the water or do they evapourate or something"
62,228 comments,10.3k,8 hours ago,r/HumansBeingBros,Guy saves his friend after he gets completely buried by snow
63,66 comments,8.3k,7 hours ago,r/ShitPostCrusaders,LEGO Stop Motion - Josuke Learns Not To Trust Paper
64,140 comments,8.6k,8 hours ago,r/PrequelMemes,I think you mean why Senate
65,294 comments,3.9k,5 hours ago,r/mildlyinteresting,"Saw this‚Ä¶ car??? the other night in Glendale, CA"
66,1.3k comments,28.1k,13 hours ago,r/Whatcouldgowrong,WCGW tackling a harmless snowman
67,1.3k comments,79.4k,13 hours ago,r/interestingasfuck,Dam breach experiment
68,286 comments,24.7k,10 hours ago,r/Eyebleach,This is what a baby platypus looks like.
69,188 comments,5.1k,6 hours ago,r/marvelmemes,NWH Reality Kicked Expectations BUTT!
70,1.2k comments,29.4k,12 hours ago,r/PublicFreakout,One year later: follow-up on puppy thrown by crazy woman at man
71,146 comments,7.7k,8 hours ago,r/YouShouldKnow,"YSK if you enjoy cooking with lots of spices, local Asian/Indian/foreign grocery stores tend to have spices at much lower prices and at greater quantities than traditional grocers that only sell things like McCormick"
72,1.0k comments,41.5k,16 hours ago,r/tumblr,Goodverdamt
73,781 comments,40.9k,11 hours ago,r/nextfuckinglevel,Guy make a house model with lego and cucumbers
74,1.1k comments,22.9k,21 hours ago,r/PublicFreakout,Let me educate him
75,1.1k comments,22.9k,21 hours ago,r/PublicFreakout,Let me educate him
76,1.2k comments,23.7k,11 hours ago,r/PoliticsPeopleTwitter,Idiots will idiot
77,1.2k comments,23.7k,11 hours ago,r/PoliticsPeopleTwitter,Idiots will idiot
78,70 comments,7.2k,8 hours ago,r/greentext,Anon goes to a New Years party
79,1.1k comments,24.6k,13 hours ago,r/wallstreetbets,US govt after Elon pays $11 billion in taxes
80,339 comments,34.9k,11 hours ago,r/NatureIsFuckingLit,üî• Baby deer notices a person filming and starts strutting.
81,1.1k comments,29.0k,15 hours ago,r/awfuleverything,Artists not being able to share their artwork online due to NTFs
82,1.1k comments,10.8k,15 hours ago,r/skyrim,What the hell is that?
83,946 comments,14.2k,12 hours ago,r/TrueOffMyChest,I kicked my brother and his wife and kids out of my home after I found a hidden camera in my living room.
84,1.0k comments,21.3k,13 hours ago,r/SelfAwarewolves,"""We have Putin on our side"" -conservatives"
85,1.1k comments,44.0k,14 hours ago,r/aww,my cat has a whisker growing out of the top of her head
86,134 comments,6.9k,8 hours ago,r/Awwducational,"Hippos were thought to ‚Äòsweat blood‚Äô. A thick red substance containing hipposudoric acid, which is red, and norhipposudoric acid, which is orange oozes from glands over its skin helping to control body temperature , and acting as a sunscreen and antibiotic."
87,1.1k comments,2.0k,11 hours ago,r/Bitcoin,I read a lot of posts early this year about Bitcoin on track to 100k by end of year and everyone seemed super confident. Well here we are....wtf happened?
88,1.1k comments,8.2k,17 hours ago,r/Justrolledintotheshop,Working on a windshield on a truck and it has these plastic pieces on the lugnuts. I‚Äôve worked on lots of trucks and cars but never seen them before any ideas?
89,278 comments,23.4k,11 hours ago,r/oddlyterrifying,Imagine falling in
90,241 comments,8.4k,6 hours ago,r/Unexpected,The variety of martial arts techniques used in the first Matrix movie is absolutely breathtaking
91,297 comments,4.3k,6 hours ago,r/facepalm,I got Transvaccinated.
92,157 comments,10.7k,10 hours ago,r/NonPoliticalTwitter,WTF
93,1.0k comments,10.3k,16 hours ago,r/NoStupidQuestions,Should I delete videos of my dead friend off my phone
94,137 comments,6.0k,8 hours ago,r/cats,"We couldn‚Äôt find Peggy, our indoor cat. We started to panic, then looked out the front door."
95,1.3k comments,1.7k,4 hours ago,r/gaming,"For me its Agent 47, so ofc I am fucked"
96,186 comments,4.9k,7 hours ago,r/Hololive,Hololive Comic: The Fall of Atlantis
97,990 comments,7.0k,17 hours ago,r/PS5,"PlayStation Plus games for January: Persona 5 Strikers, Dirt 5, Deep Rock Galactic"
98,796 comments,25.6k,10 hours ago,r/funny,Mr. Beaver doesn‚Äôt want anyone in his water.
99,877 comments,15.6k,11 hours ago,r/mildlyinteresting,The Quantity difference in wins vs losses in $1000 worth of scratch-off tickets.
100,328 comments,12.7k,8 hours ago,r/MadeMeSmile,Sometimes we need a bit of advice from the past
101,64 comments,7.8k,8 hours ago,r/rareinsults,I mean he‚Äôs not wrong
102,878 comments,15.6k,17 hours ago,r/trashy,"Methany, Bethany and Crystal all in one place boyzz"
103,118 comments,4.4k,7 hours ago,r/lotrmemes,LotR characters according to my 2-year old (not comprehensive)
104,922 comments,18.3k,15 hours ago,r/instant_regret,Trying to lift weights without a spotter
105,774 comments,2.1k,14 hours ago,r/masseffect,"Ashley's writer's take on her ""racism"""
106,671 comments,1.9k,10 hours ago,r/relationship_advice,My [29f] recently engaged friend [29f] implied I wasn't engaged because my boyfriend [31m] doesn't actually want to get married after being together 3 years. And I'm upset because I'm scared she's right.
107,714 comments,13.9k,10 hours ago,r/HolUp,I don‚Äôt think I‚Äôve ever seen this Spider-Man movie
108,808 comments,1.9k,13 hours ago,r/france,Covid 19.. .on a perdu
109,907 comments,11.0k,13 hours ago,r/food,[i ate] Chicago style hot dog
110,96 comments,6.8k,9 hours ago,r/hmmm,hmmm
111,684 comments,18.9k,15 hours ago,r/dndmemes,You can‚Äôt tell me otherwise
112,829 comments,23.6k,14 hours ago,r/MurderedByAOC,Just tell him it's a drilling permit
113,160 comments,12.3k,11 hours ago,r/perfectlycutscreams,Happy 2020 too!
114,547 comments,30.7k,12 hours ago,r/agedlikemilk,I‚Äôve never met a single adult without one
115,325 comments,12.6k,12 hours ago,r/space,Webb‚Äôs Deployable Tower Assembly Successfully Extends in Space!! Next up: Aft Moment Flap deployment followed by Sunshield Cover Release
116,783 comments,7.1k,18 hours ago,r/pcgaming,Microsoft / Xbox Game Studios have become one of the biggest publishers on PC / Steam with 3 of the Top 10 highest Gross Revenue games of the year in 2021 being 1st party releases
117,2.8k comments,10.3k,12 hours ago,r/shitposting,Cope
118,60 comments,8.9k,10 hours ago,r/meirl,Meirl
119,306 comments,9.4k,10 hours ago,r/dndmemes,"Damn nature, you scary! (Don't piss off the Druids)"
120,71 comments,4.0k,7 hours ago,r/comics,I know
121,50 comments,3.9k,7 hours ago,r/me_irlgbt,me_irlgbt
122,651 comments,19.4k,13 hours ago,r/ProgrammerHumor,I'm gonna need you to send over those deets by the weekend.
123,852 comments,63.6k,17 hours ago,r/me_irl,me_irl
124,796 comments,7.4k,16 hours ago,r/Futurology,"China will set up a research base on the moon by around 2027, eight years earlier than previously scheduled, space authority deputy director says"
125,735 comments,3.6k,14 hours ago,r/stocks,To all of you who are red this year while the S&P500 is up 30%
126,95 comments,4.6k,8 hours ago,r/TheLastAirbender,Azula‚Äôs conversation about the tides perfectly sums up and introduces the character. You can tell right away that she‚Äôs going to be a problem.
127,595 comments,7.9k,15 hours ago,r/videos,When you recognise someone by their voice featuring Gillian Jacobs & Will Shortz
128,833 comments,19.8k,12 hours ago,r/lgbt,"Getting it updated was a bureaucratic nightmare, but the little piece of plastic does feel great."
129,783 comments,55.4k,14 hours ago,r/maybemaybemaybe,Maybe Maybe Maybe
130,731 comments,1.8k,12 hours ago,r/books,Did anyone actually enjoy ‚ÄúLord of the Flies‚Äù?
131,728 comments,34.1k,15 hours ago,r/technology,"After the Facebook whistleblower came forward, the company reportedly tried to discredit her reputation among politicians"
132,188 comments,18.4k,11 hours ago,r/whenthe,easy money
133,624 comments,6.0k,6 hours ago,r/MadeMeSmile,I shall protect
134,627 comments,9.4k,20 hours ago,r/Bad_Cop_No_Donut,‚ÄòSuspicious‚Äô: Dallas Detectives Seize $100k from Woman at Airport Without Charging Her With a Crime
135,210 comments,20.7k,13 hours ago,r/AnimalsBeingJerks,"hahaha, they thought this water would prevent me from entering"
136,504 comments,4.1k,13 hours ago,r/LivestreamFail,Veibae goes off on a juicer
137,643 comments,11.1k,14 hours ago,r/ToiletPaperUSA,American brainrot is FUCKING WILD
138,58 comments,7.3k,10 hours ago,r/rarepuppers,Fun fact: Cheetahs can blep too
139,656 comments,5.2k,17 hours ago,r/holdmyfeedingtube,HMFT after I cut a turn and hit a longboarder
140,178 comments,9.7k,12 hours ago,r/woodworking,Secret storage on a dresser I‚Äôm building
141,683 comments,31.9k,14 hours ago,r/cats,This sweet lady was dumped at the lake today. Coldest day of the year.
142,589 comments,47.3k,15 hours ago,r/WitchesVsPatriarchy,-snort- true though
143,467 comments,25.4k,14 hours ago,r/UpliftingNews,Italy Votes to Ban Fur Farming and Shut Down Mink Farms
144,202 comments,13.0k,12 hours ago,r/mildlyinfuriating,My Gym is trying to catch a Phantom Pisser
145,90 comments,6.1k,10 hours ago,r/AbsoluteUnits,This wolf
146,660 comments,44.7k,13 hours ago,r/NatureIsFuckingLit,"üî• This is RD Dhanani's daily drive to work. Banff, Alberta. 15 December 2021. No editing, no filters. Simply Stunning!"
147,101 comments,2.6k,5 hours ago,r/Animemes,"check it out guys, I swear it's good!"
148,536 comments,12.6k,15 hours ago,r/starterpacks,Terorize public starter pack
149,489 comments,6.7k,12 hours ago,r/halo,Wanna give a quick shoutout to the Spirit of Fire for actually putting up a hell of a fight against the Banished after being decades in cryosleep
150,94 comments,4.2k,8 hours ago,r/KidsAreFuckingStupid,‚ÄúI promise I didn‚Äôt cut my hair‚Äù
151,556 comments,21.9k,13 hours ago,r/WatchPeopleDieInside,I guess he's not a fan!
152,474 comments,3.8k,9 hours ago,r/confidentlyincorrect,Sure it‚Äôs a normal variation in human sexuality.
153,2.2k comments,55.6k,12 hours ago,r/antiwork,Foreign concept today
154,121 comments,6.0k,12 hours ago,r/greentext,Anon has had enough
155,586 comments,6.5k,13 hours ago,r/apexlegends,Down to four squads remaining. Which do you pick and why?
156,468 comments,1.2k,5 hours ago,r/Genshin_Impact_Leaks,2.5 Reruns and Story from Zluet
157,336 comments,17.9k,13 hours ago,r/cursedcomments,Cursed_Hamster
158,471 comments,11.8k,12 hours ago,r/pcmasterrace,"For those that don't browse/help this sub's ""/new"" here's 90% of what you're missing:"
159,491 comments,14.3k,19 hours ago,r/Spiderman,‚ÄúPeter Parker has a genius-level intellect‚Äù
160,443 comments,7.6k,12 hours ago,r/playboicarti,Ah hell Naww she did him dirty bro lmaoo üò≠üò≠ mf gotta change name and start life over dawg üíÄüíÄ
161,317 comments,2.3k,10 hours ago,r/IASIP,"[Question] As a non-American, I was always curious what 'milk steak' is. Did Charlie make it up or Does it really exist?"
162,142 comments,4.1k,8 hours ago,r/ForzaHorizon,"Was using drone to try and find a barn find, instead found a dude rippin' it."
163,511 comments,4.7k,18 hours ago,r/Music,"Vinyl sets new weekly sales peak for modern era: 2.11 million vinyl albums were sold in the week ending December 23, making it the biggest vinyl sales week since at least 1991"
164,428 comments,8.1k,17 hours ago,r/freefolk,Of course I remember who they all are!
165,60 comments,5.3k,9 hours ago,r/harrypotter,Meme I made:
166,286 comments,3.5k,5 hours ago,r/interestingasfuck,"For the First Time in History, Ancient Egyptian Coffins that were sealed 2,600 years ago have been opened."
167,467 comments,5.4k,18 hours ago,r/PixelArt,/r/PixelArt Update: NFT Posts Are Now Banned
168,524 comments,12.1k,9 hours ago,r/oddlyterrifying,Being woken up by a pack of wolves in the middle of the desert
169,209 comments,9.4k,11 hours ago,r/WinStupidPrizes,Messing around with scissors and electricity
170,267 comments,4.7k,9 hours ago,r/byebyejob,bummer joe
171,495 comments,6.3k,15 hours ago,r/MoldyMemes,N
172,445 comments,3.9k,18 hours ago,r/onguardforthee,Vancouver performance by unvaccinated superstar podcaster Joe Rogan has been cancelled
173,520 comments,12.1k,16 hours ago,r/CrazyFuckingVideos,An election worker in Russia places balloons in front of a camera before they begin ballot counting.
174,115 comments,6.9k,8 hours ago,r/Damnthatsinteresting,A Korean news program actually films atop a building instead of using a green screen.
175,456 comments,2.9k,14 hours ago,r/Cooking,"My MIL asked for my recipe for ""corn dip"""
176,90 comments,2.8k,7 hours ago,r/gayspiderbrothel,Reddti momentüòé
177,302 comments,17.0k,12 hours ago,r/pics,"The people on my mail route shovel between houses for me which is so kind, and very appreciated."
178,560 comments,38.3k,15 hours ago,r/PrequelMemes,Something something ‚Äúthis is outrageous‚Äù something something ‚Äúvisible confusion‚Äù
179,105 comments,2.7k,6 hours ago,r/Warframe,Lego Liset - I serve the Operator above all else. It defines me
180,3.4k comments,7.0k,10 hours ago,r/AskReddit,Whats the worst part of ejaculating?
181,335 comments,31.5k,19 hours ago,r/MovieDetails,"In Mean Girls (2004), Tim Meadows, who plays Principal Duvall, broke his wrist a week before filming started and had to wear a cast. This was written into the movie as Principal Duvall suffering from carpal tunnel syndrome."
182,465 comments,2.6k,11 hours ago,r/MMA,The Championship Power of Francis Ngannou
183,32 comments,5.0k,9 hours ago,r/AnimalsBeingDerps,This is what peak performance looks like
184,508 comments,18.2k,19 hours ago,r/AbsoluteUnits,"This is Peter Freuchen, a Danish explorer. He completed a 1000km dogsled journey and was trapped in an avalanche, he escaped with a knife made from his own frozen feaces. He killed a wolf with his bare hands, fought against the Nazis and escaped a POW camp."
185,344 comments,3.0k,7 hours ago,r/Coronavirus,"The U.S. breaks its single-day case record, nearly doubling the highest numbers from last winter."
186,233 comments,4.8k,9 hours ago,r/formula1,"Well that‚Äôs a crazy stat, Jim Clark was on a different level!"
187,379 comments,2.0k,14 hours ago,r/Advice,My husband purposely killed my dog
188,495 comments,25.4k,14 hours ago,r/Bossfight,"Zombie shark, eater of the dammed, survivor of disaster‚Äôs."
189,47 comments,2.7k,7 hours ago,r/Baking,"I didn‚Äôt make this, my husband did. It took him all day & he doesn‚Äôt post on Reddit only lurks. I think this deserves a few upvotes ü•≥"
190,458 comments,4.0k,11 hours ago,r/ufc,Chito‚Äôs response to Sean‚Äôs YouTube video. We need to see this rematch
191,471 comments,6.8k,17 hours ago,r/battlefield2042,Battlefield 2042
192,145 comments,7.4k,19 hours ago,r/The8BitRyanReddit,"Thanks I hate this, weirdly satisfying, spider vibing"
193,145 comments,7.4k,19 hours ago,r/The8BitRyanReddit,Ryan will like this
194,95 comments,3.4k,5 hours ago,r/Showerthoughts,"Dreams make zero sense, while one part of the brain is making up a vivid story, another part of it is experiencing and genuinely being suprised by what it is seeing."
195,302 comments,16.6k,14 hours ago,r/Tinder,He found me from tinder‚Ä¶ I‚Äôm laughing
196,230 comments,5.3k,10 hours ago,r/NoStupidQuestions,"Can I advertise my house as being ""made with real cheese"" if I mixed a tablespoon of Parmesan into over the cement for the foundation? Or does it have to be a certain percentage before I can say that."
197,186 comments,6.0k,11 hours ago,r/baseball,Drawing Mike Trout every day until the lockout is over. Day 26.
198,30 comments,2.3k,6 hours ago,r/anime_irl,anime_irl
199,479 comments,1.6k,12 hours ago,r/fantasyfootball,"The Vikings-Packers game is expected to be 5 degrees at kickoff. The average NFL passing game over the last 8 years in single-digit weather or colder: 16 completions, 160 yards, 0.3 touchdowns."
200,301 comments,10.0k,12 hours ago,r/BeAmazed,Greatest thing about spider man
201,137 comments,4.7k,10 hours ago,r/CozyPlaces,"My cozy place in Seattle, WA this morning"
202,373 comments,5.2k,17 hours ago,r/europe,"A police officer issuing a woman a ticket for wearing a bikini on a beach at Rimini, Italy, in 1957."
203,239 comments,2.5k,6 hours ago,r/Genshin_Impact,Shenhe Character Details
204,368 comments,19.5k,22 hours ago,r/FUCKYOUINPARTICULAR,"Fuck you, Louisiana"
205,456 comments,13.6k,20 hours ago,r/SweatyPalms,Glass Bridge in China Breaks During High Winds
206,448 comments,5.4k,1 day ago,r/WhitePeopleTwitter,"Who‚Äôs in with me for pushing this for Seattle, King County and Washington state?"
207,448 comments,5.4k,1 day ago,r/WhitePeopleTwitter,Nationalize this!!
208,251 comments,2.6k,12 hours ago,r/fuckcars,Fuck‚Ä¶ um‚Ä¶ carts?
209,235 comments,4.5k,14 hours ago,r/destiny2,"How do you look at this and honestly think ‚ÄúYeah, that‚Äôs who will make my wishes come true without any repercussions‚Äù"
210,432 comments,1.0k,9 hours ago,r/pathofexile,"Since February will be stacked with big game releases, GGG will surely come in clutch with some big changes to pull back players"
211,385 comments,1.8k,6 hours ago,r/Genshin_Impact,"Character Teaser - ""Shenhe: Lonesome Dream"" | Genshin Impact"
212,270 comments,5.1k,8 hours ago,r/PoliticalHumor,The sound of crickets in Florida right now is DEAFENING
213,33 comments,3.7k,8 hours ago,r/oddlysatisfying,Pakistani-American artist Anila Quayyum Agha creates sculptures from intricately cut steel illuminated by a single light source - filling rooms with ornate patterns of light and shadow.
214,75 comments,3.9k,8 hours ago,r/IdiotsInCars,"There's a perfectly good turn lane, but..."
215,156 comments,12.3k,10 hours ago,r/nextfuckinglevel,That backflip landing got me
216,211 comments,4.1k,11 hours ago,r/raimimemes,"What are you planning, Parker"
217,161 comments,3.0k,7 hours ago,r/terriblefacebookmemes,I'm shitting myself
218,322 comments,14.6k,13 hours ago,r/FuckYouKaren,when you can't understand that other languages exist
219,527 comments,8.0k,15 hours ago,r/Minecraft,"My friend died in the nether and lost all his stuff, so i did some mining and got him new stuff. What else could I add?"
220,289 comments,15.5k,13 hours ago,r/coolguides,How to know if you're hungry or just thinking you're hungry
221,313 comments,9.1k,18 hours ago,r/MaliciousCompliance,Wanna show up drunk to an Ice cream shop and order 15 cones? Sure!
222,290 comments,1.5k,10 hours ago,r/BabyBumps,Watched a woman give birth in the waiting room y‚Äôall!!!
223,328 comments,3.7k,15 hours ago,r/pettyrevenge,I got my ex dishonorably discharged
224,276 comments,3.2k,8 hours ago,r/Genshin_Impact_Leaks,Yae in Liyue
225,261 comments,3.6k,14 hours ago,r/bestof,"u/timtom2211 distills the essence of how doctors feel when ""we tried but insurance won't pay for it"" means the patient is going to die"
226,165 comments,4.7k,8 hours ago,r/WhitePeopleTwitter,Now you know !!!
227,68 comments,1.6k,4 hours ago,r/IndianDankMemes,Let's Rewind!
228,971 comments,41.8k,14 hours ago,r/gaming,switch wins
229,360 comments,7.5k,14 hours ago,r/leagueoflegends,"When Your Top Laners Name Is ""Shen"", Your Screen Suddenly Changes Colour And You Get A Big Fucking Shield That Fills Half Of Your HP Bar Please Run INTO The Enemy And Not AWAY"
230,262 comments,16.3k,21 hours ago,r/MadeMeSmile,Very Wholesome!
231,262 comments,16.3k,21 hours ago,r/MadeMeSmile,Very Wholesome!
232,401 comments,7.4k,19 hours ago,r/peopleofwalmart,Little boy at Walmart praying in front of a missing children sign
233,480 comments,1.0k,6 hours ago,r/CryptoCurrency,"Justin Sun is publicly dumping over 160,000 ETH on Binance. He became massively rich selling snake oils like Tron, BTT, SUN shitcoins to the public"
234,129 comments,5.1k,12 hours ago,r/titanfall,what's this in relics skybox
235,315 comments,2.6k,12 hours ago,r/insaneparents,Announced my elopement to my parents on Christmas. Did not go as planned. More info in comments.
236,167 comments,4.0k,10 hours ago,r/TwoXChromosomes,Ghislaine Maxwell has been found guilty!
237,445 comments,2.5k,8 hours ago,r/StupidFood,The cameraman tho
238,357 comments,2.9k,20 hours ago,r/PublicFreakout,A kid gets trampled by The Queen's Guard
239,357 comments,2.9k,20 hours ago,r/PublicFreakout,A kid gets trampled by The Queen's Guard
240,43 comments,1.6k,4 hours ago,r/PewdiepieSubmissions,"Japan better open the border (just kidding, but it would great if they actually do it)"
241,98 comments,3.0k,8 hours ago,r/lifehacks,Easy life hack to walk someone (or yourself ) through a panic attack
242,28 comments,2.1k,2 hours ago,r/memes,Perhaps the opposite gender
243,388 comments,7.7k,15 hours ago,r/OnePiece,One Piece has become too repetitive lately.
244,202 comments,7.6k,18 hours ago,r/deadbydaylight,"She infact, did not have DS."
245,198 comments,2.0k,8 hours ago,r/antiMLM,I‚Äôm a garbage lady and just picked this up‚Ä¶ I don‚Äôt want to know how much this would of cost
246,100 comments,7.6k,10 hours ago,r/aww,where's your mama
247,89 comments,2.2k,6 hours ago,r/reddeadredemption,Bruh moment
248,289 comments,10.6k,17 hours ago,r/Gamingcirclejerk,Cock and balls sorcery sounds interesting tbh.
249,47 comments,2.5k,7 hours ago,r/IllegallySmolCats,This is little Vanilla Bean
250,109 comments,3.2k,11 hours ago,r/ClashRoyale,My little cousin sent this to me and asked if i can contact Supercell and ask them if they can add this card . Bro what do i say to lil dude üíÄ
251,401 comments,3.6k,7 hours ago,r/nba,The Celtics shot 4-42 from 3 point land tonight
252,146 comments,13.6k,14 hours ago,r/lego,Brick Army Knife
253,275 comments,5.3k,18 hours ago,r/ArtefactPorn,The oldest jewelry ever found has been discovered this year by archaeologists in Bizmoune Cave in Morocco. The jewelry is made of perforated seashells and dates to between 142000 and 150000 years ago [2000x1333]
254,178 comments,11.8k,13 hours ago,r/Superstonk,+5.1üü£%
255,411 comments,16.5k,15 hours ago,r/therewasanattempt,To screen poops
256,78 comments,4.6k,10 hours ago,r/adhdmeme,Finally figured out what kind of job I want
257,176 comments,14.4k,17 hours ago,r/TheLastAirbender,"Key, send daughters!"
258,147 comments,23.2k,15 hours ago,r/AnimalsBeingBros,My sister‚Äôs dog never got along well with other dogs. But when they brought a rescue kitten at home to see if they would be compatible the two of them instantly became best bros.
259,110 comments,4.2k,16 hours ago,r/thesims,They used to be really aggressive
260,427 comments,33.8k,17 hours ago,r/KidsAreFuckingStupid,Watch out watch out watch out
261,71 comments,2.9k,8 hours ago,r/likeus,Elephants moving to violin music
262,44 comments,5.1k,15 hours ago,r/funny,Taking down the Christmas Decorations
263,44 comments,5.1k,15 hours ago,r/funny,Taking down the Christmas Decorations
264,50 comments,3.0k,5 hours ago,r/me_irl,me_irl
265,308 comments,5.1k,14 hours ago,r/AnarchyChess,El Pipi
266,302 comments,22.6k,22 hours ago,r/HistoryPorn,"Atelier photo: ""A lesbian Couple in semi drag wedding attire""; Kingdom of Hungary - Budapest, 1920 [742x1187]"
267,82 comments,4.7k,12 hours ago,r/BlackPeopleTwitter,Pain its all pain
268,47 comments,2.8k,5 hours ago,r/HolUp,Solo is on TNT right now
269,354 comments,18.4k,14 hours ago,r/suspiciouslyspecific,Or are you normal?
270,32 comments,2.2k,4 hours ago,r/wholesomememes,Absolute marvel of a person
271,283 comments,2.5k,8 hours ago,r/apple,"Comment: 3D Touch was one of the best technologies Apple ever created, and I still miss it"
272,295 comments,3.2k,7 hours ago,r/todayilearned,"TIL about MƒÅori chin tattoos. For MƒÅori women, the traditional female chin tattoo is considered a physical manifestation of their true identity."
273,763 comments,6.7k,10 hours ago,r/news,"California man driving to White House to kill leaders on 'hit list' arrested in Iowa, officials say"
274,92 comments,1.3k,4 hours ago,r/IndianGaming,Xbox India's old Ad for 360
275,297 comments,2.9k,12 hours ago,r/space,NASA hasn‚Äôt hired theologians to study reaction to alien life
276,356 comments,5.7k,12 hours ago,r/JusticeServed,Ghislaine Maxwell Found Guilty on Nearly All Charges
277,293 comments,2.4k,12 hours ago,r/Conservative,Ghislaine Maxwell found guilty on 5 out of 6 charges
278,41 comments,1.2k,4 hours ago,r/facepalm,Even animals face casual erasure
279,41 comments,1.2k,4 hours ago,r/facepalm,This actually exists...
280,169 comments,2.8k,8 hours ago,r/ShitPostCrusaders,Protagonist Tier List based on how many dicks they've sucked
281,327 comments,4.8k,11 hours ago,r/MapPorn,"The original 1947 Telephone Area Code Map - Codes were assigned based on population and time it took to dial the code on a rotary phone dial. High population areas got small numbers. i.e. NY 212, LA 213, Chicago 312."
282,207 comments,3.5k,10 hours ago,r/OldSchoolCool,Ruth Bader Ginsberg at Columbia University in 1972 as the first female law professor
283,397 comments,3.5k,8 hours ago,r/Tinder,Snickers nefariously
284,491 comments,2.1k,14 hours ago,r/MCPE,Can this guy technically last forever?
285,64 comments,1.5k,11 hours ago,r/arcane,[Spoilers Ep1] Claggor being humble.
286,175 comments,8.0k,9 hours ago,r/antiwork,nobody wants to work anymore
287,186 comments,5.7k,14 hours ago,r/TwoSentenceHorror,In 1950 there were 2.5 billion people on earth. now there is eight
288,25 comments,2.6k,8 hours ago,r/BrandNewSentence,It's a blowhobby
289,40 comments,1.3k,4 hours ago,r/TrashTaste,Garnt reacts to the Sabikui Bisco trailer
290,209 comments,2.1k,7 hours ago,r/CasualUK,Just became the first black champion of Countdown in its 40 year history
291,70 comments,4.5k,11 hours ago,r/corgi,This is what it‚Äôs like to have a nine year old corgi and a nine month old corgi
292,97 comments,3.4k,9 hours ago,r/WhatsWrongWithYourDog,Why does he keep offering me his arse when I walk in the room? Why? What have I done to deserve this?
293,348 comments,350,3 hours ago,r/dating_advice,Would You Date a Blind Girl?
294,306 comments,7.0k,14 hours ago,r/TheRightCantMeme,Sigh.
295,97 comments,1.5k,3 hours ago,r/Hololive,We have opened a permanent English language audition page for hololive production!üéâ
296,348 comments,3.4k,14 hours ago,r/DestinyTheGame,Whaddya mean you can jump cancel?
297,351 comments,1.2k,8 hours ago,r/buildapc,"How do you tell which graphics cards are better than others, I just found out a GTX 1080 ti is better than a RTX 2060, what do the numbers mean?"
298,81 comments,2.8k,4 hours ago,r/interestingasfuck,Owl chicks sleep on their stomachs because their heads are too heavy. They do this until they are old enough to sleep upright.
299,49 comments,1.3k,4 hours ago,r/LivestreamFail,The Duality of Anime
300,285 comments,9.6k,14 hours ago,r/MaliciousCompliance,"Boss fired me for being pregnant, I‚Äôm the one who gets paid in the end"
301,285 comments,3.6k,16 hours ago,r/GlobalOffensive,Shox joins Liquid
302,171 comments,6.3k,7 hours ago,r/Unexpected,"""What race would you not date?"""
303,90 comments,2.9k,9 hours ago,r/CuratedTumblr,Voting Age
304,122 comments,4.5k,14 hours ago,r/GaySoundsShitposts,uh‚Ä¶ wut
305,255 comments,7.3k,18 hours ago,r/Instagramreality,via linkedin... her husband üëÅüëÑüëÅ
306,88 comments,6.8k,10 hours ago,r/youseeingthisshit,He can't believe what he just saw
307,295 comments,1.1k,6 hours ago,r/Kanye,"Drop a Kanye verse that had you like this. Mine has to be ‚Äò this generation‚Äôs closest thing to Einstein, so don‚Äôt worry about me, I‚Äôm fine."
308,216 comments,6.9k,17 hours ago,r/aviation,A rare picture of the sr71 using its afterburners.
309,260 comments,27.5k,19 hours ago,r/DunderMifflin,[Tutorial] How to make a Rundown - Step by Step
310,101 comments,1.4k,5 hours ago,r/ThatsInsane,"A shark attacks a dolphin it had been chasing to a local beach, a bloodbath ensues"
311,278 comments,10.0k,13 hours ago,r/blackmagicfuckery,This block of flats near where I live.
312,83 comments,4.4k,13 hours ago,r/HermitCraft,I met Scar yesterday on Xisuma's public server
313,90 comments,1.6k,10 hours ago,r/HadesTheGame,"Just started playing for ~7 hours, no spoilers please but my number one observation is that Zagreus is very polite"
314,329 comments,6.0k,12 hours ago,r/SequelMemes,"Same magic, different reactions"
315,116 comments,3.1k,9 hours ago,r/Terraria,Spicy Build
316,31 comments,2.2k,8 hours ago,r/RoomPorn,"Arched bathtub alcove with white subway tile walls, Fox Island in Puget Sound, Pierce County, Washington [1800x2297]"
317,235 comments,9.4k,19 hours ago,r/ComedyNecrophilia,The good ending
318,343 comments,3.1k,16 hours ago,r/modernwarfare,I‚Äôm quitting
319,170 comments,6.0k,13 hours ago,r/StardewValley,The urbanization of Cindersnap Forest
320,267 comments,4.1k,11 hours ago,r/nostalgia,My mother still uses the same microwave since 1985.
321,48 comments,4.3k,16 hours ago,r/memes,For those of you who didn't learn how to button in school
322,48 comments,4.3k,16 hours ago,r/memes,Thanks for nothing
323,269 comments,7.5k,20 hours ago,r/ReallyAmerican,1% the rich people won't pay their taxes in any conditions
324,269 comments,7.5k,20 hours ago,r/ReallyAmerican,1% the rich people won't pay their taxes in any conditions
325,173 comments,3.4k,12 hours ago,r/anime_titties,Ghislaine Maxwell found guilty in sex-trafficking trial | Ghislaine Maxwell
326,112 comments,6.4k,10 hours ago,r/pcmasterrace,Okay finally we can play StarCraft
327,105 comments,1.3k,4 hours ago,r/dankinindia,3 pEg ü•É
328,137 comments,3.4k,13 hours ago,r/witcher,A quick comic in honor of poor Ciri in S2
329,338 comments,2.2k,9 hours ago,r/homestead,"Well, since you asked"
330,119 comments,1.0k,10 hours ago,r/DuggarsSnark,Ghislaine Maxwell guilty verdict adding to a month of victories for those protecting minors against abuse
331,211 comments,10.0k,14 hours ago,r/lotr,Middle Earth is a better place with them.
332,102 comments,3.7k,7 hours ago,r/whenthe,M*tal
333,81 comments,3.3k,15 hours ago,r/CloneWarsMemes,"If you know, you know"
334,131 comments,9.0k,16 hours ago,r/ContagiousLaughter,Ice Machine Prank
335,269 comments,1.5k,7 hours ago,r/DnD,I just ran the math on how many arrows a high level character can put downrange in a minute and it's really hurting my brain.
336,281 comments,12.0k,20 hours ago,r/PandR,Patton Oswalt predicts the future (Book of Boba Fett spoilers)
337,167 comments,2.6k,12 hours ago,r/thatHappened,Yes that happened buddy
338,365 comments,3.6k,10 hours ago,r/animememes,What anime is like this?
339,113 comments,4.3k,14 hours ago,r/ProRevenge,Screw me on my bonus? Make me do two job? Enjoy the backwater you earned.
340,263 comments,2.1k,12 hours ago,r/ParlerWatch,"Mr. Kelly, your mask fell off"
341,292 comments,1.5k,12 hours ago,r/Epstein,Guilty on 5 out of 6 counts
342,263 comments,5.0k,11 hours ago,r/AbruptChaos,When you mistake a band for a road.
343,65 comments,1.7k,12 hours ago,r/okbuddychicanery,"Oh no, it‚Äôs spreading!"
344,291 comments,2.4k,10 hours ago,r/Cricket,Ross Taylor announces his retirement at the end of the home summer
345,289 comments,15.2k,16 hours ago,r/oddlyspecific,Is this a thing?
346,156 comments,1.0k,9 hours ago,r/NotHowGirlsWork,Most obvious is that we cannot taste things with our vaginas
347,279 comments,18.8k,16 hours ago,r/educationalgifs,Don't have a funnel for your car .
348,109 comments,1.7k,13 hours ago,r/Gunners,Late header? I know who it is!
349,314 comments,8.4k,14 hours ago,r/KitchenConfidential,"She's been with me ten years, through four head chefs. Today, she clicked her last clack."
350,104 comments,2.6k,12 hours ago,r/HaloMemes,"A Grunt's day in High Charity on November 3rd, 2552"
351,222 comments,3.5k,12 hours ago,r/TrueCrime,Ghislaine Maxwell Found Guilty on Nearly All Charges
352,257 comments,3.6k,14 hours ago,r/religiousfruitcake,Oh please Jesus save us from the dyed hair and peace tattoos
353,140 comments,1.1k,7 hours ago,r/singapore,"Double Standards , image credit: Toast Comics"
354,57 comments,3.7k,11 hours ago,r/MEOW_IRL,MEOW_IRL
355,136 comments,886,5 hours ago,r/nursing,"Well, it finally happened. A patient coded in the waiting room ü§¶‚Äç‚ôÄÔ∏è"
356,197 comments,7.0k,11 hours ago,r/natureismetal,Blood-thirsty squirrel
357,308 comments,27.1k,19 hours ago,r/oddlysatisfying,Dough ball shaper
358,230 comments,12.5k,16 hours ago,r/formuladank,One of the greatest moments in F1 history
359,130 comments,5.0k,11 hours ago,r/tf2,Should I put this on a sign?
360,244 comments,3.4k,16 hours ago,r/environment,I‚Äôm a climate scientist. Don‚Äôt Look Up captures the madness I see every day - A film about a comet hurtling towards Earth and no one is doing anything about it? Sounds exactly like the climate crisis
361,205 comments,1.8k,8 hours ago,r/atheism,"welp, they finally did it. I could use a hug =("
362,21 comments,1.9k,7 hours ago,r/blursed_videos,Blursed_Grandmaa
363,106 comments,2.5k,12 hours ago,r/ConvenientCop,[Brazil] Thieves went to rob a restaurant but a Tactical Group arrive at the right moment
364,284 comments,4.4k,12 hours ago,r/starwarsmemes,"Same magic, different reactions"
365,99 comments,1.1k,4 hours ago,r/pokemongo,I live in the middle of nowhere but for some reason my house is an insane hotspot for Pok√©mon. Does anyone know why?
366,15 comments,1.3k,5 hours ago,r/blursedimages,Blursed_Dot
367,126 comments,19.7k,14 hours ago,r/BlackPeopleTwitter,average KKK meeting
368,299 comments,2.5k,12 hours ago,r/HollowKnight,Let's make a bosses tier list together!
369,126 comments,1.4k,12 hours ago,r/ShitMomGroupsSay,My favorite is the ‚Äúhead situation for reference.‚Äù
370,152 comments,6.8k,11 hours ago,r/Genshin_Impact,My Mona cosplay - Sailor Mae
371,26 comments,1.7k,7 hours ago,r/StardewValley,A Japanese style courtyard.
372,225 comments,12.2k,21 hours ago,r/quityourbullshit,"""No I didn't..."""
373,52 comments,2.9k,9 hours ago,r/DunderMifflin,I run a thrift store. I never cherry pick items...........until today.
374,913 comments,1.1k,4 hours ago,r/CFB,[Postgame Thread] Oklahoma Defeats Oregon 47-32
375,43 comments,6.9k,13 hours ago,r/fakehistoryporn,James Webb before transitioning into a space telescope 1992 (colorized)
376,128 comments,3.3k,8 hours ago,r/Superstonk,"It's no accident that today the brokers had ""opensea one of the big ips in 2022"" on your GME news ticker."
377,190 comments,1.5k,12 hours ago,r/walkaway,"Breaking: Jury finds Ghislaine Maxwell guilty of 5 out of 6 charges in sex trafficking trial. Judge orders trial papers sealed....meaning, I guess, that no charges will be brought against those (elites) who participated in underage sex."
378,177 comments,12.0k,10 hours ago,r/nextfuckinglevel,The high five at the end
379,159 comments,10.5k,18 hours ago,r/MinecraftMemes,Come on what is this abomination mojang my eyes hurt when i see it :(
380,32 comments,1.0k,22 hours ago,r/gifs,Machine used to bend metals
381,32 comments,1.0k,22 hours ago,r/gifs,Machine used to bend metals
382,148 comments,1.3k,6 hours ago,r/blackcats,Which one are you? (I'm feeling like #9)
383,111 comments,2.1k,8 hours ago,r/evangelionmemes,Uncanny Evangelion Ships Part 2
384,154 comments,6.6k,15 hours ago,r/Konosuba,Ask yourselves who actually are the bad guys
385,191 comments,2.2k,14 hours ago,r/dankruto,"Ino's Most Popular Ship Isn't Even with Sai. Take your Gold and Silver Medals, ShikaIno and SasuIno Peeps"
386,96 comments,2.0k,8 hours ago,r/sports,Paris wants to make swimming in the Seine safe - and legal - for everyone
387,129 comments,3.6k,11 hours ago,r/watchpeoplesurvive,Quick thinking Ecuadorian prevents his assassination
388,142 comments,4.5k,12 hours ago,r/iamatotalpieceofshit,Now leave her in prison to rot.
389,40 comments,2.9k,10 hours ago,r/AnimalCrossing,"My passport, with my arsonist girl meme recreation."
390,227 comments,629,8 hours ago,r/CollegeBasketball,"[Post Game Thread] #11 Auburn defeats #12 LSU, 70-55"
391,20 comments,3.9k,11 hours ago,r/2meirl4meirl,2meirl4meirl
392,14 comments,3.8k,22 hours ago,r/NonPoliticalTwitter,Brotherly love
393,14 comments,3.8k,22 hours ago,r/NonPoliticalTwitter,Poor little soul
394,200 comments,2.0k,5 hours ago,r/gaming,Yup * checks notes * he wasn‚Äôt a complete pile of shit
395,133 comments,2.1k,14 hours ago,r/gaybros,He might need a full body search
396,527 comments,2.0k,6 hours ago,r/Genshin_Impact_Leaks,Phase 2 Banner And Weapon Banner via Ubatcha
397,160 comments,540,5 hours ago,r/TooAfraidToAsk,What are you supposed to say or do if you ejaculate too fast during sex?
398,240 comments,1.6k,9 hours ago,r/melbourne,Interesting info from Yarra trams!
399,15 comments,4.8k,12 hours ago,r/blessedimages,Blessed_interaction
400,110 comments,6.5k,16 hours ago,r/Jokes,A teacher tells her student to tell a story with a moral in it.
401,29 comments,2.7k,9 hours ago,r/PeopleFuckingDying,DiStUrBiNg ImAgEs ! KiWi BiRdS eAt ThEiR oWn KiNd !
402,22 comments,922,3 hours ago,r/dogswithjobs,"Flying with my hearing alert service dog, Mila"
403,59 comments,10.3k,16 hours ago,r/EarthPorn,"Milky Way rising over ""alien eggs"" in Northern California [2000x2996] [OC]"
404,17 comments,1.1k,5 hours ago,r/ihadastroke,"yes, gun=gum=fun"
405,266 comments,2.6k,13 hours ago,r/Eldenring,POV: you live in a 3rd world country and Elden Ring is too expensive for you
406,219 comments,5.4k,18 hours ago,r/Astronomy,James Webb Space Telescope UPDATE! - Mission life extended due to extra onboard fuel as a result of very precise launch and efficient mid-course corrections.
407,242 comments,3.1k,9 hours ago,r/amcstock,There is no such thing as computer glitch in modern computers - possible explanation from an experienced SW developer ape
408,40 comments,1.7k,7 hours ago,r/thalassophobia,These steps from a boardwalk into the Atlantic Ocean
409,11 comments,924,4 hours ago,r/Zoomies,"My new puppy, Zelda, Zoomed a little too hard! She's OK though"
410,159 comments,988,5 hours ago,r/australia,‚ÄòComplete collapse of leadership‚Äô: Australia‚Äôs recent Covid response amounts to world-class bungling
411,105 comments,3.1k,12 hours ago,r/Grimdank,Sister Charity and New Tau Guns
412,43 comments,5.9k,14 hours ago,r/forbiddensnacks,Forbidden bread
413,242 comments,1.1k,10 hours ago,r/JoeRogan,This amazing rant that Ari Shaffer went on about how fucked up social media companies are
414,76 comments,2.1k,14 hours ago,r/legendofkorra,Avatar: LOK Discovers Shipping! by Booter-Freak
415,82 comments,2.1k,9 hours ago,r/notliketheothergirls,Wattpad at its finest
416,258 comments,37.9k,17 hours ago,r/AnimalsBeingDerps,"A few weeks ago I posted a video of Edmond the dancing bed making cat, here is another one!"
417,54 comments,1.1k,5 hours ago,r/HollowKnightMemes,And the fucking audacity to put Grey Prince Zote after Markoth
418,76 comments,1.1k,5 hours ago,r/LeagueOfMemes,What‚Äôs wrong with this picture?
419,28 comments,1.8k,5 hours ago,r/dankmemes,Every. Single. One.
420,28 comments,1.3k,6 hours ago,r/SaimanSays,Upv0te if you're watching in 2021
421,171 comments,4.4k,15 hours ago,r/ffxiv,Who gave Zenos the WoL's Number?
422,155 comments,913,8 hours ago,r/mmamemes,"""It Does Not Matter If You Get Shot"" D.U.S.T. Response to Viral Video"
423,84 comments,1.4k,10 hours ago,r/Berserk,What happened to my berserk deluxe edition 4 ü§®
424,43 comments,949,4 hours ago,r/Embroidery,‚ÄúKnit 1 purl 2. Knit 1 purl 2. That‚Äôs right!‚Äù
425,161 comments,5.4k,15 hours ago,r/wholesome,Nice perspective
426,107 comments,1.5k,7 hours ago,r/InternetIsBeautiful,"""Nestflix"" - A site for movies and shows within movies and shows"
427,142 comments,1.7k,12 hours ago,r/newzealand,Chris Hipkins Emerging from the Bush for a Presser is the Kiwi Content We Need
428,105 comments,3.6k,17 hours ago,r/mapporncirclejerk,Map of the world if Hillary Clinton was elected president in 2016
429,118 comments,20.8k,17 hours ago,r/notinteresting,"This glass has clear water in it, but your brain sees it as magenta. That's because I changed the color in Photoshop."
430,142 comments,1.2k,9 hours ago,r/OutOfTheLoop,What's the deal with NASA hiring religious figures?
431,41 comments,786,3 hours ago,r/sadcringe,"I wrote a stupid book about three years ago on Wattpad that was fanfiction of historical figures, which resulted in a couple of strange people messaging me three years later. More info in the comments..."
432,95 comments,6.3k,14 hours ago,r/AnimalsBeingJerks,Landing safely on the green when there's water all around ... then ...
433,109 comments,4.4k,13 hours ago,r/Breath_of_the_Wild,OK I think I have definitively found what must be the most BS treasure chest in the whole game.
434,25 comments,3.6k,11 hours ago,r/BetterEveryLoop,M√©nage √† kitten
435,36 comments,1.4k,6 hours ago,r/MemeVideos,Sus
436,53 comments,2.6k,10 hours ago,r/egg_irl,Egg_irl
437,159 comments,1.8k,13 hours ago,r/whatsthisbug,Wtf is this? I found it on my shorts :/
438,121 comments,4.4k,8 hours ago,r/NatureIsFuckingLit,üî• great eared nightjar
439,250 comments,14.8k,13 hours ago,r/PrequelMemes,It did sorta drag on‚Ä¶
440,533 comments,2.5k,8 hours ago,r/PublicFreakout,Workers wearing hazmat suits as Hemorrhagic Fever hits Xi'an city in northwest Shaanxi province
441,34 comments,1.2k,6 hours ago,r/AbandonedPorn,Vintage control room in abandoned power station
442,158 comments,1.7k,10 hours ago,r/tooktoomuch,Man didn't even flinch
443,130 comments,1.6k,7 hours ago,r/Gamingcirclejerk,What do you guys think of my shopping cart?
444,77 comments,1.4k,12 hours ago,r/2meirl42meirl4meirl,First appointment with a therapist ended like this lol
445,105 comments,1.5k,9 hours ago,r/BobsBurgers,Human Flesh is one of the best episodes and I wish they would have kept this going sometimes. I think the episode is 10/10
446,9 comments,1.3k,6 hours ago,r/ANormalDayInRussia,Hot water challenge!
447,36 comments,2.0k,9 hours ago,r/tattoos,"Shin Shining tattoo, done by Logan Shermeyer @ Colley Ave Tattoo, Norfolk VA!"
448,227 comments,1.7k,11 hours ago,r/motorcycles,I came home from work and my wife thought I looked silly. My sister pulled out her phone to record this video. It was 14 degrees (-10c) with a -9 degree (-22c) windchill riding into work today.
449,122 comments,853,8 hours ago,r/techsupportgore,TFW people selling internal PC components place said bare components on the carpet for the photo
450,193 comments,3.7k,13 hours ago,r/StarWarsBattlefront,First ever 64 player server through Kyber private matches
451,194 comments,1.8k,12 hours ago,r/DIY,Kitchen Remodel During the Pandemic
452,82 comments,3.0k,10 hours ago,r/Minecraft,We made Atari Breakout with just redstone!
453,69 comments,6.5k,14 hours ago,r/perfectlycutscreams,Someone is gonna end up single
454,160 comments,7.5k,19 hours ago,r/CasualConversation,I made my boyfriend cry on Christmas Day
455,1.6k comments,10.9k,12 hours ago,r/Cringetopia,"You don't have any culture, they say."
456,73 comments,8.1k,15 hours ago,r/Catswithjobs,My boyfriend‚Äôs Christmas gift to me; our cat Wasabi as an astronaut. Thought you guys might appreciate this as much as I do.
457,18 comments,9.5k,15 hours ago,r/Catswithjobs,IDM - ‡§≠‡§µ‡§ø‡§∑‡•ç‡§Ø‡§µ‡§æ‡§£‡•Ä ‡§ü‡•Ç‡§∞‡•ç‡§®‡§æ‡§Æ‡•á‡§Ç‡§ü
458,107 comments,6.2k,16 hours ago,r/gifs,Wait a second...
459,89 comments,2.4k,13 hours ago,r/MarchAgainstNazis,These idiots are literally posting Putin quotes now.
460,148 comments,4.4k,16 hours ago,r/IdiotsNearlyDying,Almost turned into a miscarriage party
461,101 comments,931,8 hours ago,r/Firearms,"Surprise, surprise. FedEx beat up my ammo shipment and stole a few boxes for themselves."
462,66 comments,5.2k,13 hours ago,r/bonehurtingjuice,Aftermath
463,96 comments,3.1k,14 hours ago,r/dataisbeautiful,[OC] Top 40 trending topics in 2021 news
464,78 comments,9.4k,16 hours ago,r/gifsthatkeepongiving,‚ÄúAustralian Volleyball‚Äù
465,16 comments,1.4k,7 hours ago,r/mathmemes,Oh no... i forgorüíÄ
466,105 comments,2.4k,15 hours ago,r/rupaulsdragrace,Kennedy Davenport completely annihilating the stage in San Francisco ü§© I mean COME ON üî•
467,26 comments,2.2k,9 hours ago,r/HumansAreMetal,Massive triple cork combo
468,93 comments,5.2k,15 hours ago,r/lostredditors,"Obviously a joke, and not cringe‚Ä¶‚Ä¶"
469,263 comments,10.7k,18 hours ago,r/CozyPlaces,My custom butcher block work/play station!
470,220 comments,985,5 hours ago,r/tifu,TIFU by smoking weed for the first time and trusting my friend on the dosage.
471,5 comments,1.3k,7 hours ago,r/PunPatrol,A maths pun
472,117 comments,15.2k,19 hours ago,r/nonononoyes,All I Need Is A Miracle
473,657 comments,7.7k,11 hours ago,r/nba,"[Wojnarowski] Cavaliers guard Ricky Rubio has suffered a season-ending ACL tear to his left knee, sources tell ESPN."
474,180 comments,5.0k,17 hours ago,r/castiron,My little brother has his own cast iron frying pan. Every weekend he cooks himself 2 sausages and a cheesy omelet.
475,27 comments,1.2k,6 hours ago,r/Conservative,Seems like a solid meme
476,141 comments,3.5k,8 hours ago,r/funny,The British are like colon
477,26 comments,678,2 hours ago,r/hmm,Hmmmm
478,93 comments,5.3k,16 hours ago,r/LeagueOfMemes,This definetly didn't happen to me today
479,193 comments,16.8k,14 hours ago,r/technicallythetruth,That is enough for a skin care...
480,172 comments,2.3k,10 hours ago,r/Undertale,Uh oh
481,50 comments,1.4k,7 hours ago,r/blender,I'm brand new to blender... and art in general. Be nice to mid-life crisis Yoda
482,313 comments,6.3k,8 hours ago,r/memes,Dangerous meme
483,90 comments,4.1k,18 hours ago,r/holdmycosmo,HMC while I spin this chandelier
484,44 comments,3.3k,5 hours ago,r/MadeMeSmile,Even the smallest acts of kindness can have a lifelong impact
485,94 comments,7.6k,16 hours ago,r/MurderedByWords,Absolutely demolished the English cricket team
486,142 comments,4.2k,18 hours ago,r/ontario,R/Ontario for the next 2 months lol
487,18 comments,780,4 hours ago,r/povertyfinance,I can't even imagine spending $150 a month on coffee
488,112 comments,12.0k,17 hours ago,r/confusing_perspective,Just a curious doggo looking out of a roof‚Ä¶ right?
489,99 comments,443,4 hours ago,r/BokuNoHeroAcademia,Hot take: I think MHA is hindered by the fact it takes place during one school year
490,50 comments,2.3k,14 hours ago,r/SpidermanPS4,For me it was the Chrysler building
491,93 comments,661,6 hours ago,r/FireEmblemHeroes,Leonie Cannot Win Against Gharnef
492,108 comments,7.8k,14 hours ago,r/JusticeServed,"Priest sexually assaults, threatens 12-year-old boy, gets life imprisonment | SIX YEARS after a priest at a church in Mumbai was booked for sexual assault on a 12-year-old boy, a special court on Wednesday sentenced him to life imprisonment"
493,216 comments,5.8k,10 hours ago,r/aww,Not sure this is aww for you but it is for me. Our first Daddy-Daughter date!
494,207 comments,479,7 hours ago,r/TLCsisterwives,Sister Brothers‚Ä¶.ReBoot
495,13 comments,3.0k,11 hours ago,r/ImaginarySliceOfLife,Gathering Ingredients by SimzArt
496,121 comments,694,7 hours ago,r/DotA2,"I hate this mechanic so much, why does rearm work on this ?"
497,122 comments,5.6k,15 hours ago,r/FellowKids,A local police department posted this on Facebook
498,32 comments,2.1k,9 hours ago,r/gatekeeping,The dumbest hill to die on
499,41 comments,1.9k,4 hours ago,r/Damnthatsinteresting,A group of penguins briefly exchange information
500,132 comments,4.1k,17 hours ago,r/DC_Cinematic,This feels like the appropriate time to post this
501,177 comments,1.9k,4 hours ago,r/facepalm,This actually exists...
502,119 comments,3.0k,11 hours ago,r/im14andthisisdeep,Life sucks when you're 14
503,8 comments,1.1k,10 months ago,r/shittyfoodporn,satisfying flip
504,8 comments,1.1k,10 months ago,r/shittyfoodporn,"$1 perogies, 1 epic flip"
505,149 comments,1.6k,9 hours ago,r/2007scape,The worst smelling screenshot in Reddit history
506,159 comments,4.8k,18 hours ago,r/ComedyCemetery,Guess the subreddit
507,99 comments,1.7k,10 hours ago,r/Letterkenny,For that one comment to do it on vaccines! Get vaccinated
508,68 comments,1.8k,9 hours ago,r/niceguys,The guy who hit on the cashier has come full circle
509,35 comments,1.0k,6 hours ago,r/india,Childhood memories:^)
510,111 comments,3.8k,13 hours ago,r/reddeadredemption,How did that even happen
511,23 comments,1.7k,9 hours ago,r/CatsAreAssholes,Our kitten acting like an asshole
512,150 comments,2.9k,1 day ago,r/ultrawidemasterrace,Do you think this should be added to Steam?
513,150 comments,2.9k,1 day ago,r/ultrawidemasterrace,This is something I'd like to see on Steam's store pages - a standard way to tell if a game supports ultrawide natively
514,97 comments,4.3k,16 hours ago,r/AdviceAnimals,"""Let's talk about"" I think you mean ""Listen up consumers"""
515,40 comments,711,4 hours ago,r/ThatLookedExpensive,Car plummets off parking garage
516,41 comments,650,3 hours ago,r/CatastrophicFailure,"Italian aviator Francesco ""Lord of Distance"" de Pinedo's fatal attempt to takeoff in his grossly overloaded Bellanca J-3-500 ""Santa Lucia"" (including 1,000 gallons of fuel) for a distance record setting flight from New York to Bagdad on 2 September 1933 from Floyd Bennett Field, NY."
517,97 comments,817,7 hours ago,r/justneckbeardthings,An IQ of 136. Nice.
518,113 comments,3.7k,17 hours ago,r/rimjob_steve,on my post about transphobia
519,133 comments,2.0k,12 hours ago,r/malelivingspace,"I‚Äôm finally happy about my small student apartment in Denmark, wanted to share"
520,155 comments,1.5k,10 hours ago,r/NintendoSwitch,I know it's quite late but I've got Zelda BotW on my xmas present and it's AWESOME!
521,122 comments,1.9k,6 hours ago,r/IndianDankMemes,Couple goals
522,154 comments,1.5k,8 hours ago,r/IndiaSpeaks,That's india
523,62 comments,2.1k,14 hours ago,r/cowboybebop,"""We'll never get out of here now... I'll never see Mars..."""
524,67 comments,4.3k,16 hours ago,r/Rainbow6,"Since we are able to choose the ending MVP animation, imagine if we could use different elites."
525,239 comments,2.7k,14 hours ago,r/trans,New skirt and tights! üòç
526,239 comments,4.2k,14 hours ago,r/antimeme,It only takes a brain to know this.
527,46 comments,2.6k,14 hours ago,r/ClashOfClans,Thats a good leader
528,148 comments,5.0k,18 hours ago,r/houseplants,"Before & after! My partner found this flf in the trash a year and a half ago, and look at him now ‚ò∫Ô∏è He‚Äôs not perfect, but I just wanted to show the progress he‚Äôs made to people who will appreciate it"
529,98 comments,662,6 hours ago,r/KGBTR,"Ya bi yayƒ±n a√ßalƒ±m dedik, bir ≈üeye heves ettik,. YouTube benim hesabƒ±mƒ± patlatmƒ±≈ü cinsellik ve √ßƒ±plaklƒ±k gerek√ßesiyle. Amƒ±na koyim kesin YouTube'un sahibinin kƒ±zƒ± da izliyodu yayƒ±nƒ±, sulandƒ± kaltak, adam da kƒ±skanƒ±p beni banladƒ±. 14,5 yƒ±llƒ±k hesap niye banlanƒ±r ki amk? Neyse umarƒ±m geri alabilirim."
530,199 comments,2.6k,9 hours ago,r/NoStupidQuestions,Why does reddit always put some sweaty guy in a tie playing drums on my newsfeed?
531,90 comments,2.8k,12 hours ago,r/LiminalSpace,Did it happen to all of us?
532,72 comments,3.8k,17 hours ago,r/NewDealAmerica,"American workers, Now is the time! Labor produces all value & Strikes are the way to play your strongest card! Strike for your rights! Strike for more pay and less hours!"
533,72 comments,3.8k,17 hours ago,r/NewDealAmerica,"American workers, Now is the time! Labor produces all value & Strikes are the way to play your strongest card! Strike for your rights! Strike for more pay and less hours!"
534,118 comments,2.2k,8 hours ago,r/formula1,Lewis and Nico on unicycles
535,103 comments,1.7k,11 hours ago,r/youngpeopleyoutube,I can't with YouTube anymoreüòÇüòÇüòÇ
536,89 comments,1.5k,12 hours ago,r/houkai3rd,Kiana eats pineapple pizza
537,95 comments,1.5k,10 hours ago,r/MemePiece,Don't ever compare Luffy with other Shounen MC
538,66 comments,971,7 hours ago,r/boburnham,"""IT WAS NEVER ABOUT COVID"""
539,133 comments,2.5k,14 hours ago,r/streetwear,[WDYWT] I look like I move weight but I'm a stay at home dad.
540,19 comments,2.3k,8 hours ago,r/BikiniBottomTwitter,are you feeling it now Mr. Krabs?
541,75 comments,869,8 hours ago,r/bleach,"These scenes make a lot more sense when you realize that by technicality, Ichigo is part of the Shiba Clan..."
542,182 comments,1.2k,7 hours ago,r/doordash,Was Doordashing but wife water broke so iam delivering my son soon! Wish me luck (7 hour update later) it complete guys. Iam tired and it was the hardest longest delivery ever. Thank you guys for the support! I'll be on a short doordash vacation lol!
543,92 comments,3.0k,11 hours ago,r/Technoblade,We are only 100k away
544,53 comments,1.4k,8 hours ago,r/cringepics,Strawberry Jam is not a convincing substitute for blood.
545,34 comments,1.6k,9 hours ago,r/intermittentfasting,I laughed at myself today as I picked up a size 8 dress to try on knowing damn well I hadn't lost THAT much. Turns out I have üòä about 10 months on IF with a bit of omad. 50lbs down and about 25 to go.
546,106 comments,1.5k,8 hours ago,r/shittyfoodporn,This calzone I ordered had an interesting look to it üëÄ
547,19 comments,2.8k,11 hours ago,r/tippytaps,Lots of wiggles from the queen of wiggles herself
548,126 comments,951,7 hours ago,r/Mommit,U/lillyanne99
549,92 comments,3.4k,13 hours ago,r/woahdude,Everything not saved will be lost.
550,292 comments,9.6k,17 hours ago,r/SquaredCircle,"JR ON Twitter ""I'm cancer free!"""
551,54 comments,7.1k,2 days ago,r/tumblr,Food
552,54 comments,7.1k,2 days ago,r/tumblr,Food
553,22 comments,1.5k,8 hours ago,r/ABoringDystopia,"Phew, That's a Relief!"
554,45 comments,2.5k,12 hours ago,r/yesyesyesyesno,We went to School Together
555,59 comments,2.6k,9 hours ago,r/Eyebleach,How do you name this illusion!
556,161 comments,3.0k,14 hours ago,r/tech,Rats learn to play DOOM in this automated VR arena
557,134 comments,4.1k,14 hours ago,r/funnyvideos,This got me a 30 day ban on Facebook and was also taken down by iFunny. I've yet to understand why. It seems funny and harmless to me
558,220 comments,Vote,2 hours ago,r/Tinder,So I'm an incel with a small dick and audacity because I have a height preference just like her
559,38 comments,986,6 hours ago,r/TenseiSlime,KonoSlime!
560,61 comments,3.8k,10 hours ago,r/tumblr,You gotta get that validation where you can
561,53 comments,3.0k,12 hours ago,r/Chonkers,Lulu - dechonked from 14.5 lb to 7 lb
562,63 comments,3.0k,14 hours ago,r/soccercirclejerk,What a beautiful header
563,100 comments,2.3k,12 hours ago,r/Deltarune,Deltarune characters with as few strokes as possible
564,30 comments,611,3 hours ago,r/de,Heute morgen zu einem Rascheln am Fenster aufgewacht
565,67 comments,7.0k,14 hours ago,r/IllegallySmolCats,This lady was abandoned outside a petstore. Had to take her home.
566,60 comments,1.6k,9 hours ago,r/copypasta,Found in a christian discord server
567,109 comments,1.1k,11 hours ago,r/dogecoin,"Thanks to Doge‚Ä¶.today at the vet when we got hit with the price tag for an emergency surgery to potentially save my little kitty Mr. Smokey Bones the Menace, I was able to afford whatever came our way. Now just prayers for Smokey that the surgery goes as planned."
568,325 comments,2.0k,8 hours ago,r/politics,"Trump accuses Jan. 6 panel of ""seeking evidence of criminal activity"""
569,16 comments,960,6 hours ago,r/PhoenixSC,The snail was waiting
570,103 comments,3.3k,10 hours ago,r/ProgrammerHumor,Tic tac toe
571,106 comments,424,6 hours ago,r/foodhacks,Cancelled family dinner and stuck with this beast. Any suggestions on how to tackle this monstrous 3.3kg whole wagyu tenderloin?
572,109 comments,571,6 hours ago,r/NoFap,Today I lost my virginity and I learned 1 thing
573,104 comments,616,7 hours ago,r/GodofWar,Made in 5 minutes
574,132 comments,491,6 hours ago,r/weed,The Bong Lord üò≤
575,34 comments,1.0k,6 hours ago,r/ffxiv,I painted THE trailer scene that first hooked me on FFXIV's world and story
576,93 comments,1.4k,11 hours ago,r/PoliticsPeopleTwitter,Idiots will idiot
577,30 comments,2.5k,11 hours ago,r/Komi_san,I cleaned that beautiful panel from Chapter 302
578,240 comments,6.6k,13 hours ago,r/WatchPeopleDieInside,She nose she messed up
579,44 comments,2.5k,10 hours ago,r/ksi,Should have made this sooner
580,65 comments,1.1k,10 hours ago,r/NewGirl,Shameless plug! Stavros (played by me) misses you all üï∫üèª love this community.
581,76 comments,8.2k,15 hours ago,r/rarepuppers,"Happy 15th birthday to my old man, Buddy! 2.5 years together and I wouldn't change them for the world ‚ù§Ô∏è"
582,78 comments,4.3k,15 hours ago,r/spaceporn,I can never get enough of the Hubble nebulas..
583,91 comments,894,8 hours ago,r/Fallout,Fellas Fallout New Vegas is $2.99 on Steam. If you haven't given it a try now is a good chance.
584,88 comments,1.7k,11 hours ago,r/ApexOutlands,too controversial?
585,62 comments,1.3k,11 hours ago,r/MadeMeCry,This needs to be done everywhere!
586,51 comments,1.9k,13 hours ago,r/ChainsawMan,Makima
587,69 comments,13.1k,15 hours ago,r/blursedimages,Blursed_ Phineas looking forward compilation
588,75 comments,1.7k,10 hours ago,r/libertarianmeme,Now go global with it
589,53 comments,3.8k,16 hours ago,r/ATBGE,Greggs Sausage Roll earrings
590,93 comments,8.0k,17 hours ago,r/carporn,R34 Skyline GT-R [1170x1170]
591,66 comments,1.2k,11 hours ago,r/HighQualityGifs,"Which works better: ""Between a rock and a hard place"" or ""Damn! We're in a tight spot!"""
592,97 comments,13.5k,18 hours ago,r/shittyrainbow6,Ded game
593,57 comments,2.4k,15 hours ago,r/Persona5,Hold Up... why I didn't noticed it before
594,51 comments,2.9k,12 hours ago,r/SmashBrosUltimate,Me when my opponent techs a stage spike
595,73 comments,696,9 hours ago,r/nflmemes,Tier list of each team's starting quarterback based on how many syllables are in their legal first name
596,51 comments,1.0k,10 hours ago,r/BlueArchive,Well
597,70 comments,587,5 hours ago,r/moreplatesmoredates,I drew a portrait of Derek today :)
598,53 comments,5.1k,12 hours ago,r/oddlysatisfying,Satisfying Pen Filling
599,105 comments,7.1k,11 hours ago,r/Hololive,Ina's 2021 art recap. Her favorite pieces from each month
600,47 comments,1.1k,10 hours ago,r/Philippines,A look back
601,73 comments,2.6k,15 hours ago,r/AmateurRoomPorn,"Pink Front Room in Macclesfield, England."
602,81 comments,4.3k,14 hours ago,r/softwaregore,..i think you missed the chair
603,33 comments,4.3k,14 hours ago,r/brooklynninenine,How I felt during my last refi...
604,56 comments,1.3k,12 hours ago,r/csgo,Something is wrong with my Inferno...
605,57 comments,1.4k,10 hours ago,r/arknights,PALLAS
606,82 comments,6.2k,17 hours ago,r/ShittyLifeProTips,SLPT: Depressed? Just remember these little tricks to help you through it.
607,92 comments,1.1k,11 hours ago,r/JuiceWRLD,"my painting of Juice (30x40) , i put sm love into this & tried my best to make it look just like him üñ§ ig - jessicajagetzz"
608,45 comments,746,5 hours ago,r/Naturewasmetal,What might have been: American mastodons on the road at night
609,24 comments,1.5k,10 hours ago,r/AbsoluteUnits,This wolf
610,24 comments,1.5k,10 hours ago,r/AbsoluteUnits,This wolf
611,36 comments,2.3k,11 hours ago,r/surrealmemes,BEAT GOBLIN
612,158 comments,2.6k,9 hours ago,r/KidsAreFuckingStupid,My son's best friend refuses to eat the crust on his pizza rolls..
613,655 comments,16.3k,17 hours ago,r/LifeProTips,"LPT: installing a lift-kit? For the love of god, adjust the headlights. Your lifted truck no longer has low-beams; it‚Äôs now either high beams or higher beams and you are blinding everyone."
614,64 comments,1.3k,8 hours ago,r/DiWHY,It's it just me or does that look like...
615,41 comments,568,5 hours ago,r/cremposting,What the fuck
616,39 comments,4.0k,17 hours ago,r/WritingPrompts,"[WP] You've discovered that nothing can kill the hero until they beat the dark one. You and the hero are now working together to cure all previously incurable fatal diseases by infecting the hero with them, and waiting to see how the universe conspires to cure them of it."
617,51 comments,1.4k,11 hours ago,r/Sneks,How to feed your Dragon (Eastern Indigo)
618,60 comments,614,7 hours ago,r/2Asia4u,Indonesia
619,51 comments,907,9 hours ago,r/SuccessionTV,Looking at the least favourite poll and seeing Logan still there
620,38 comments,3.4k,16 hours ago,r/Kitten,A Tape Cutter.
621,38 comments,3.4k,16 hours ago,r/Kitten,What a nice contribution little kitty is adding
622,75 comments,2.1k,12 hours ago,r/3Dprinting,Brickring - My kid asked for a finger ring he could put Lego on so I designed this
623,59 comments,5.2k,14 hours ago,r/woooosh,Oh wait.
624,49 comments,1.6k,11 hours ago,r/Overwatch_Memes,Y'all be stressin me out
625,65 comments,1.1k,8 hours ago,r/loopringorg,"Trading Volume record smashed on Loopring L2 - Test complete, Something big is coming."
626,75 comments,543,4 hours ago,r/canucks,Bruce Boudreau ties NHL record for the longest win streak to begin a tenure with a new team
627,39 comments,7.9k,20 hours ago,r/vexillologycirclejerk,flag of saudi arabia except its a tone generator app on my phone
628,44 comments,2.7k,11 hours ago,r/2meirl4meirl,2meirl4meirl
629,20 comments,995,6 hours ago,r/meme,Isn't the meme good enough
630,77 comments,3.6k,15 hours ago,r/Catswhoyell,Lotus left us two months ago and I miss this yell so much üíî
631,19 comments,649,4 hours ago,r/dogelore,"""Le NFTs has arrived"" except I took u/OreoDotexe's suggestion and removed the text from the middle pannel, making this post 8000x funnier"
632,56 comments,2.4k,14 hours ago,r/cursed_videomemes,Bedtime for redditors
633,25 comments,992,10 hours ago,r/okbuddyhololive,Least deranged KFP slave
634,79 comments,3.6k,16 hours ago,r/DestinyFashion,Crypt Forgemaster
635,844 comments,6.9k,14 hours ago,r/wallstreetbets,Albert Einstein of the stock markets
636,63 comments,3.1k,15 hours ago,r/FortNiteBR,Doing the ‚Äòsnap‚Äô emote as somebody dies is my new favourite thing
637,31 comments,2.0k,13 hours ago,r/boottoobig,Spoiler now: stalking's not hot
638,103 comments,2.2k,12 hours ago,r/AnimeFunny,FINGER BRRRRR
639,27 comments,3.1k,12 hours ago,r/blessedimages,Blessed Child
640,43 comments,5.1k,18 hours ago,r/tuckedinkitties,Found my husband and my Cookie cat like this when I finally went to bed
641,43 comments,4.3k,14 hours ago,r/OneSecondBeforeDisast,"Uh, just cleaning."
642,50 comments,967,10 hours ago,r/h3h3productions,I like the twilight movies
643,44 comments,1.7k,4 hours ago,r/Superstonk,Loving this GameStop like... Bye OpenSea!
644,13 comments,833,7 hours ago,r/BestofRedditorUpdates,AITA for letting my step daughter Stay with her maternal grandparents for Christmas?
645,89 comments,517,5 hours ago,r/gravityfalls,"I'm drawing six characters, so far I've done Six and Dipper."
646,33 comments,535,5 hours ago,r/memeframe,Most of the time brute force doesn't work or don't yield the best results. Same thing for using status build in a weapon with 5-10% status chance.
647,39 comments,3.6k,15 hours ago,r/assholedesign,"Black text on black background, a classic"
648,49 comments,2.3k,12 hours ago,r/PetTheDamnCat,He loves his morning cuddles ü§£
649,46 comments,7.8k,17 hours ago,r/GetMotivated,[Image] - Good at something
650,31 comments,2.9k,16 hours ago,r/physicsmemes,Daily struggles
651,21 comments,668,8 hours ago,r/feedthebeast,A little teaser for 2022
652,24 comments,659,4 hours ago,r/Spiderman,How cool is this lamp I picked up today? Found it at Target hiding on the bottom shelf üï∑
653,70 comments,3.2k,16 hours ago,r/creepy,By the Beach [OC]
654,61 comments,2.5k,12 hours ago,r/BoneAppleTea,Entrance closed due to an earth quack
655,48 comments,857,6 hours ago,r/photoshopbattles,PsBattle: This 2-pronged icicle
656,53 comments,5.9k,14 hours ago,r/comics,"""Never Die"""
657,10 comments,777,6 hours ago,r/rickandmorty,We have to move to a new reality Morty
658,28 comments,1.1k,10 hours ago,r/guineapigs,My dog likes to keep watch over the piggies while I clean their pen. He is best boi at 15 years old ‚ô°
659,37 comments,1.4k,10 hours ago,r/DemonSlayerAnime,This description at my Barnes and Nobles
660,24 comments,556,7 hours ago,r/GenshinGays,That's kinda sus kaeya/diluc ü§®
661,15 comments,Vote,2 hours ago,r/breathinginformation,Triple Breathing while running
662,34 comments,1.2k,11 hours ago,r/legostarwars,Matey-AT version 2
663,10 comments,703,5 hours ago,r/absolutelynotme_irl,Absolutely not me irl
664,18 comments,2.7k,14 hours ago,r/Iamactuallyverybadass,Lion Mama
665,25 comments,435,3 hours ago,r/polandball,African capitalism vs African socialism
666,26 comments,1.1k,11 hours ago,r/VALORANT,Just 2 women ready to be drafted into pro leagues
667,26 comments,2.9k,13 hours ago,r/skamtebord,Hampter
668,11 comments,780,6 hours ago,r/subnautica,[No Spoilers] Here we go again
669,35 comments,694,7 hours ago,r/cakedecorating,Every cake I made in 2021 üòÖ (part 1)
670,8 comments,1.4k,9 hours ago,r/trebuchetmemes,"You don't deserve any grace, but must surrender to my will"
671,33 comments,3.2k,16 hours ago,r/Thisismylifemeow,Dave has been adopted
672,67 comments,1.7k,8 hours ago,r/WitchesVsPatriarchy,The sleepover is no good without a good sacrifice.
673,24 comments,443,2 hours ago,r/europe,Sunrise. Finland
674,60 comments,4.8k,10 hours ago,r/PrequelMemes,Basically what the Jedi Council was doing for 40 years while the Sith were plotting
675,41 comments,2.1k,13 hours ago,r/Memes_Of_The_Dank,:(
676,38 comments,1.3k,9 hours ago,r/CitiesSkylines,Small City - only vanilla assets
677,26 comments,516,5 hours ago,r/vaxxhappened,This is the way.
678,6 comments,671,5 hours ago,r/MyPeopleNeedMe,Brutal self-defense technique
679,10 comments,Vote,1 hour ago,r/AnimalsBeingBros,Hip hop
680,110 comments,476,3 hours ago,r/dataisbeautiful,U.S. Domestic Migration from July 2020 to July 2021 - Click the link for more charts and the source data
681,19 comments,520,4 hours ago,r/OldPhotosInRealLife,Nickelodeon Studios in the 90‚Äôs vs the same building today
682,33 comments,1.1k,10 hours ago,r/sewing,a new coat to get me through this winter
683,24 comments,553,4 hours ago,r/JuJutsuKaisen,drew a lil jjk x naruto crossover for my shadow babies <3
684,32 comments,856,9 hours ago,r/reddeadredemption2,The Chelonian cut scene progressively getting more cursed
685,20 comments,1.1k,6 hours ago,r/therewasanattempt,To do the boiling water challenge
686,26 comments,441,5 hours ago,r/Eminem,We've done it everyone
687,32 comments,1.4k,10 hours ago,r/arknights,Skadi's ChristmasÔºàBy Êàò‰∫îÊ∏£Ôºâ
688,71 comments,2.7k,11 hours ago,r/apexlegends,A sweet little hidden easter egg from a dev üíú
689,76 comments,4.3k,8 hours ago,r/nextfuckinglevel,His voice is enough
690,508 comments,5.9k,13 hours ago,r/TikTokCringe,When you put it like that!
691,508 comments,5.9k,13 hours ago,r/TikTokCringe,When you put it like that!
692,25 comments,2.1k,14 hours ago,r/MurderedByAOC,Just tell him it's a drilling permit
693,25 comments,2.1k,14 hours ago,r/MurderedByAOC,Just tell him it's a drilling permit
694,21 comments,1.3k,12 hours ago,r/thomastheplankengine,"Had a dream I was at a party and I couldn't stop speaking in an Australian accent. Nobody said anything about it to my face, but I knew they were talking about it behind my back..."
695,29 comments,5.6k,18 hours ago,r/WhatsWrongWithYourCat,"Before and after adoption. In a span of 3 months Loki went from an outdoor loner to a pampered, mindless chonk"
696,23 comments,4.6k,17 hours ago,r/calvinandhobbes,I had never seen this one before!
697,14 comments,822,7 hours ago,r/bi_irl,Bi_irl
698,28 comments,969,8 hours ago,r/velvethippos,"This is Rue, the sweetest, most adorable idiot you‚Äôll ever meet. Also loves to chase things in her dreams."
699,402 comments,2.4k,8 hours ago,r/pics,McDonald's in Indiana paying employees based on their age.
700,937 comments,6.8k,16 hours ago,r/HermanCainAward,New Jersey man has posted his last offensive meme.
701,25 comments,1.5k,11 hours ago,r/animegifs,Making an Entrance
702,135 comments,2.6k,10 hours ago,r/skyrim,"Why is my Beast Form so short? Female Breton, Lydia for comparison lmao"
703,29 comments,1.5k,12 hours ago,r/cute,A real live Night Fury.
704,26 comments,1.8k,11 hours ago,r/cyberpunkgame,Quick brag on my mom and her crafting phase üòå
705,26 comments,575,7 hours ago,r/xqcow,The world champion bowler
706,22 comments,1.1k,11 hours ago,r/DevilMayCry,Vergil will bury you
707,313 comments,1.4k,5 hours ago,r/PublicFreakout,A kidnapper caught red handed while abducting a kid in a suitcase!
708,25 comments,1.5k,11 hours ago,r/zelda,"[OC] one of my favorite little crafts, you guys like it? Sorry for the poor photography"
709,20 comments,833,13 hours ago,r/aww,"My Pet rat Egg is Learning to Place a Ball in a mini BBQ, then Close the Lid!"
710,20 comments,833,13 hours ago,r/aww,"My Pet rat Egg is Learning to Place a Ball in a mini BBQ, then Close the Lid!"
711,7 comments,817,4 hours ago,r/cursedcomments,Cursed_Nikocado
712,21 comments,440,6 hours ago,r/apexuniversity,You can charge a rampage while hanging on a ledge apparently
713,879 comments,4.3k,14 hours ago,r/news,"Florida reports 46,923 new coronavirus cases, shattering state daily record"
714,55 comments,1.0k,6 hours ago,r/ThatsInsane,80 years later
715,23 comments,578,6 hours ago,r/CatsStandingUp,Cat.
716,22 comments,463,6 hours ago,r/TedLasso,"Drawing I did yesterday, of the man himself."
717,54 comments,2.6k,11 hours ago,r/confidentlyincorrect,G-A-R-B-I-T-C-H
718,13 comments,1.2k,9 hours ago,r/politecats,Katniss asked for a treat so nicely. I miss this fluffball.
719,1 comment,493,18 hours ago,r/4chan,anon finds his passion
720,1 comment,493,18 hours ago,r/4chan,anon finds his passion
721,640 comments,3.8k,12 hours ago,r/trashy,NSFW Found a ‚ÄúUsed‚Äù Sex Doll in a Dumpster Behind My Office Today
722,21 comments,1.2k,9 hours ago,r/mexico,Bonito atardecer Mexicano
723,22 comments,1.4k,12 hours ago,r/Helltaker,Merry Christmas
724,56 comments,2.8k,9 hours ago,r/BlackPeopleTwitter,I might be young but my body acting like I qualify for retirement already
725,284 comments,2.3k,10 hours ago,r/halo,Multi Team is coming!
726,21 comments,3.3k,15 hours ago,r/HappyWoofGifs,I'm on TV!
727,1 comment,578,5 hours ago,r/AvatarMemes,It do be like that sometimes
728,23 comments,802,9 hours ago,r/jerma985,worma
729,15 comments,718,6 hours ago,r/valheim,My experiment with raising ground for support pillars.
730,23 comments,434,6 hours ago,r/suddenlysexoffender,Wait a minute
731,4 comments,617,5 hours ago,r/suicidebywords,True I guess
732,20 comments,961,10 hours ago,r/ArcherFX,This reminds me of something
733,20 comments,914,10 hours ago,r/PERSoNA,Black and White
734,21 comments,1.8k,12 hours ago,r/ItHadToBeBrazil,Only in Brazil will you have a security camera installed on a palm tree.
735,20 comments,693,8 hours ago,r/sphynx,Your weekly greeting from Miss Navi Nugget!
736,19 comments,428,5 hours ago,r/KendrickLamar,We have literally had a whole Spider-Man trilogy in the time since the last Kendrick Lamar album
737,64 comments,1.1k,7 hours ago,r/hockey,"Jack Hughes laughing at himself saying ""pp"""
738,66 comments,2.2k,10 hours ago,r/australia,"I know we rag on the Tele a lot, but on this occasion, they‚Äôve nailed it"
739,2 comments,393,3 hours ago,r/SlyGifs,When you don't feel like picking something up from the floor
740,52 comments,3.3k,12 hours ago,r/blackcats,Just joined. Meet Luna.
741,1.4k comments,1.4k,5 hours ago,r/AskReddit,"Before entering hell, you must sit in a waiting room. What song are they playing?"
742,19 comments,3.8k,15 hours ago,r/KamikazeByWords,Your mum
743,20 comments,350,4 hours ago,r/shittyrobots,Glasses for the Blind
744,45 comments,6.2k,15 hours ago,r/lotrmemes,I'll never look at this scene the same lol
745,17 comments,1.0k,9 hours ago,r/dadjokes,My boss asked me why I only get sick on work days
746,20 comments,635,6 hours ago,r/Daredevil,Daredevil season 3 behind the scenes photos!
747,17 comments,1.5k,16 hours ago,r/badassanimals,'3D printed beak'. They're not even hiding it anymore.
748,17 comments,1.5k,16 hours ago,r/badassanimals,"This eagle got his beak shot, it got replaced with a 3D printed beak and now looking badass AF!"
749,17 comments,1.1k,10 hours ago,r/ApplyingToCollege,leaked memo to Admission Officers
750,15 comments,1.4k,1 day ago,r/MadeMeSmile,does your dog make giant snowballs?
751,15 comments,1.4k,1 day ago,r/MadeMeSmile,does your dog make giant snowballs?
752,17 comments,1.1k,11 hours ago,r/catbellies,The softest tum I ever did rub
753,101 comments,1.4k,6 hours ago,r/Showerthoughts,History makes a lot more sense when you realize we are the most sober generation there has ever been
754,17 comments,1.0k,8 hours ago,r/CoronavirusDownunder,"Man contracts, then recovers from COVID while waiting in testing line"
755,16 comments,2.3k,13 hours ago,r/RimWorld,Best Christmas gift and I also hate eating without a table..
756,84 comments,5.5k,14 hours ago,r/marvelmemes,"Mind your business, Cap"
757,23 comments,1.4k,8 hours ago,r/OldSchoolCool,I peaked in 1991
758,285 comments,1.3k,8 hours ago,r/Coronavirus,WHO warns new Covid variants could emerge that are fully resistant to vaccines as pandemic drags on
759,45 comments,1.1k,7 hours ago,r/IASIP,Truer words have never been spoken
760,16 comments,999,9 hours ago,r/depression_memes,bruh
761,23 comments,1.0k,6 hours ago,r/TrashTaste,The Secret Wings Recipe
762,14 comments,3.7k,1 day ago,r/suspiciouslyspecific,Hold up
763,14 comments,3.7k,1 day ago,r/suspiciouslyspecific,Hol‚Äôup
764,19 comments,888,10 hours ago,r/blunderyears,"Justa couple of badasses, ca. 1987."
765,43 comments,1.0k,6 hours ago,r/CuratedTumblr,Geoguesser players terrify me
766,15 comments,1.4k,11 hours ago,r/ImaginaryWarhammer,Pondering My Machine Spirit Chamber by Nictanova
767,10 comments,446,4 hours ago,r/AdviceAnimals,Had to change a fuse in my car and I'm not exactly a DIY or a car guy.
768,16 comments,600,22 hours ago,r/WeirdWheels,Tank hearse.
769,16 comments,600,22 hours ago,r/WeirdWheels,Tank hearse.
770,17 comments,773,9 hours ago,r/shieldbro,Raphtalia waiting for Naofumi (enmanuelart) [The Rising of the Shield Hero]
771,233 comments,1.5k,4 hours ago,r/nba,"[Highlight] Chimezie Metu, a career 24% three point shooter burries the game winning 3 at the buzzer right in front of the Mavericks bench!"
772,15 comments,1.2k,18 hours ago,r/Damnthatsinteresting,cute as a cucumber
773,15 comments,1.2k,18 hours ago,r/Damnthatsinteresting,Is cucumber house interesting?
774,15 comments,655,8 hours ago,r/bayarea,Monday‚Äôs Sunset over San Jose
775,14 comments,634,8 hours ago,r/FlorkofCowsOfficial,homegym
776,47 comments,4.1k,7 hours ago,r/MadeMeSmile,God bless him
777,14 comments,308,5 hours ago,r/dankmemes,[Request] How much would the average actually change based on what we know about the temperature inside a nuclear blast?
778,14 comments,308,5 hours ago,r/dankmemes,Iykyk
779,13 comments,1.4k,19 hours ago,r/WatchPeopleDieInside,Catlulated jump to slide
780,13 comments,1.4k,19 hours ago,r/WatchPeopleDieInside,This cat knew exactly what it was doing
